PSEUDO_PLAZA,SOSTENIMIENTO,CLAVE CT,NOMBRE CT,Columna1,LOCALIDAD CT,TIPO ASPIRANTE,FUNCI�N Y CATALOGO,HORAS TRABAJO,NIVEL,SUBTIPO/MATERIA,IDIOMA,OBSERVACIONES,CORDE
,FEDERAL,21DPR0653I,IGNACIO ZARAGOZA,,SAN PABLITO,1. DOCENTE,DOCENTE: MAESTRA O MAESTRO DE GRUPO,JORNADA,03 - EDUCACION PRIMARIA,N/A,N/A,NINGUNA,HUAUCHINANGO
,FEDERAL,21DPR0076Z,AGUSTIN DE ITURBIDE,,ACATZINGO DE HIDALGO,1. DOCENTE,DOCENTE: MAESTRA O MAESTRO DE GRUPO,JORNADA,03 - EDUCACION PRIMARIA,N/A,N/A,NINGUNA,TEPEACA
,FEDERAL,21DPR0263T,JOSE MARIA MORELOS,,SAN BARTOLOME COSCOMAYA,1. DOCENTE,DOCENTE: MAESTRA O MAESTRO DE GRUPO,JORNADA,03 - EDUCACION PRIMARIA,N/A,N/A,NINGUNA,TEPEACA
,FEDERAL,21DPR0653I,IGNACIO ZARAGOZA,,SAN PABLITO,1. DOCENTE,DOCENTE: MAESTRA O MAESTRO DE GRUPO,JORNADA,03 - EDUCACION PRIMARIA,N/A,N/A,NINGUNA,HUAUCHINANGO
,FEDERAL,21DPR2325C,MIGUEL ALEMAN,,NICOLAS BRAVO,1. DOCENTE,DOCENTE: MAESTRA O MAESTRO DE GRUPO,JORNADA,03 - EDUCACION PRIMARIA,N/A,N/A,NINGUNA,TEPEACA
,FEDERAL,21DPR0468M,IGNACIO ZARAGOZA,,�LVARO OBREG�N (SANTA MAR�A GOROZPE),1. DOCENTE,DOCENTE: MAESTRA O MAESTRO DE GRUPO,JORNADA,03 - EDUCACION PRIMARIA,N/A,N/A,NINGUNA,TEPEACA
,FEDERAL,21DPR3707Q,RICARDO REYES MARQUEZ,,PALMARITO TOCHAPAN,1. DOCENTE,DOCENTE: MAESTRA O MAESTRO DE GRUPO,JORNADA,03 - EDUCACION PRIMARIA,N/A,N/A,NINGUNA,TEPEACA
,FEDERAL,21DPR3690G,CARLOS CAMACHO ESPIRITu,,SAN SIMON DE BRAVO,1. DOCENTE,DOCENTE: MAESTRA O MAESTRO DE GRUPO,JORNADA,03 - EDUCACION PRIMARIA,N/A,N/A,NINGUNA,TEPEACA
,FEDERAL,21DPR1555O,IGNACIO ALLENDE,,SAN JERONIMO ALMOLOYA,1. DOCENTE,DOCENTE: MAESTRA O MAESTRO DE GRUPO,JORNADA,03 - EDUCACION PRIMARIA,N/A,N/A,NINGUNA,TEPEACA
,FEDERAL,21DPR3563K,ANDRES QUINTANA ROO,,SANTA URSULA CHICONQUIAC,1. DOCENTE,DOCENTE: MAESTRA O MAESTRO DE GRUPO,JORNADA,03 - EDUCACION PRIMARIA,N/A,N/A,NINGUNA,TEPEACA
,FEDERAL,21DPR0653I,IGNACIO ZARAGOZA,,SAN PABLITO,1. DOCENTE,DOCENTE: MAESTRA O MAESTRO DE GRUPO,JORNADA,03 - EDUCACION PRIMARIA,N/A,N/A,NINGUNA,HUAUCHINANGO
,FEDERAL,21DPR0384E,REPUBLICA ARGENTINA,,CONCEPCION CUAUTLA,1. DOCENTE,DOCENTE: MAESTRA O MAESTRO DE GRUPO,JORNADA,03 - EDUCACION PRIMARIA,N/A,N/A,NINGUNA,TEPEACA
,FEDERAL,21DPR2850X,MIGUEL HIDALGO,,LA PURISIMA DE HIDALGO,1. DOCENTE,DOCENTE: MAESTRA O MAESTRO DE GRUPO,JORNADA,03 - EDUCACION PRIMARIA,N/A,N/A,NINGUNA,TEPEACA
,FEDERAL,21DPR0782C,JOSE MARIA MORELOS,,SAN MIGUEL ZOZUTLA,1. DOCENTE,DOCENTE: MAESTRA O MAESTRO DE GRUPO,JORNADA,03 - EDUCACION PRIMARIA,N/A,N/A,NINGUNA,TEPEACA
,FEDERAL,21DPR1556N,LEONA VICARIO,,ALPATL�HUAC (SAN PEDRO ALPATL�HUAC),1. DOCENTE,DOCENTE: MAESTRA O MAESTRO DE GRUPO,JORNADA,03 - EDUCACION PRIMARIA,N/A,N/A,NINGUNA,TEPEACA
,FEDERAL,21DPR0725L,REVOLUCION,,ALHUACA,1. DOCENTE,DOCENTE: MAESTRA O MAESTRO DE GRUPO,JORNADA,03 - EDUCACION PRIMARIA,N/A,N/A,NINGUNA,TEHUAC�N
,FEDERAL,21DPR3725F,HERMANOS SERDAN,,GUADALUPE TLATELPA,1. DOCENTE,DOCENTE: MAESTRA O MAESTRO DE GRUPO,JORNADA,03 - EDUCACION PRIMARIA,N/A,N/A,NINGUNA,PUEBLA SUR
,FEDERAL,21DPR1555O,IGNACIO ALLENDE,,SAN JERONIMO ALMOLOYA,1. DOCENTE,DOCENTE: MAESTRA O MAESTRO DE GRUPO,JORNADA,03 - EDUCACION PRIMARIA,N/A,N/A,NINGUNA,TEPEACA
,FEDERAL,21DPR1092X,ESTADOS UNIDOS MEXICANOS,,BELLAVISTA DE VICTORIA (SAN JOSE BELLAVISTA),1. DOCENTE,DOCENTE: MAESTRA O MAESTRO DE GRUPO,JORNADA,03 - EDUCACION PRIMARIA,N/A,N/A,NINGUNA,CIUDAD SERD�N
,FEDERAL,21DPR2850X,MIGUEL HIDALGO,,LA PURISIMA DE HIDALGO,1. DOCENTE,DOCENTE: MAESTRA O MAESTRO DE GRUPO,JORNADA,03 - EDUCACION PRIMARIA,N/A,N/A,NINGUNA,TEPEACA
,FEDERAL,21DPR0484D,RODOLFO SANCHEZ TABOADA,,VICENTE GUERRERO,1. DOCENTE,DOCENTE: MAESTRA O MAESTRO DE GRUPO,JORNADA,03 - EDUCACION PRIMARIA,N/A,N/A,NINGUNA,TEPEACA
,FEDERAL,21DPR0468M,IGNACIO ZARAGOZA,,�LVARO OBREG�N (SANTA MAR�A GOROZPE),1. DOCENTE,DOCENTE: MAESTRA O MAESTRO DE GRUPO,JORNADA,03 - EDUCACION PRIMARIA,N/A,N/A,NINGUNA,TEPEACA
,FEDERAL,21DPR0786Z,MARIANO MATAMOROS,,SAN MATEO MIMIAPAN,1. DOCENTE,DOCENTE: MAESTRA O MAESTRO DE GRUPO,JORNADA,03 - EDUCACION PRIMARIA,N/A,N/A,NINGUNA,TEPEXI DE RODR�GUEZ
,FEDERAL,21DPR2313Y,5 DE MAYO,,SAN SEBASTIAN VILLANUEVA,1. DOCENTE,DOCENTE: MAESTRA O MAESTRO DE GRUPO,JORNADA,03 - EDUCACION PRIMARIA,N/A,N/A,NINGUNA,TEPEACA
,FEDERAL,21DPR2325C,MIGUEL ALEMAN,,NICOLAS BRAVO,1. DOCENTE,DOCENTE: MAESTRA O MAESTRO DE GRUPO,JORNADA,03 - EDUCACION PRIMARIA,N/A,N/A,NINGUNA,TEPEACA
,FEDERAL,21DPR2325C,MIGUEL ALEMAN,,NICOLAS BRAVO,1. DOCENTE,DOCENTE: MAESTRA O MAESTRO DE GRUPO,JORNADA,03 - EDUCACION PRIMARIA,N/A,N/A,NINGUNA,TEPEACA
,FEDERAL,21DPR0475W,FRANCISCO I. MADERO,,SAN FRANCISCO BUENAVISTA,1. DOCENTE,DOCENTE: MAESTRA O MAESTRO DE GRUPO,JORNADA,03 - EDUCACION PRIMARIA,N/A,N/A,NINGUNA,TEPEACA
,FEDERAL,21DPR1327U,EMILIANO ZAPATA,,SAN VICENTE,1. DOCENTE,DOCENTE: MAESTRA O MAESTRO DE GRUPO,JORNADA,03 - EDUCACION PRIMARIA,N/A,N/A,NINGUNA,IZ�CAR DE MATAMOROS
,FEDERAL,21DPR2747K,BENITO JUAREZ,,MIGUEL NEGRETE,1. DOCENTE,DOCENTE: MAESTRA O MAESTRO DE GRUPO,JORNADA,03 - EDUCACION PRIMARIA,N/A,N/A,NINGUNA,TEPEACA
,FEDERAL,21DPR1572E,IGNACIO ALLENDE,,TEPETZITZINTLA,1. DOCENTE,DOCENTE: MAESTRA O MAESTRO DE GRUPO,JORNADA,03 - EDUCACION PRIMARIA,N/A,N/A,NINGUNA,TEPEXI DE RODR�GUEZ
,FEDERAL,21DPR3033V,IGNACIO ZARAGOZA,,SAN FELIPE TEPEMAXALCO,1. DOCENTE,DOCENTE: MAESTRA O MAESTRO DE GRUPO,JORNADA,03 - EDUCACION PRIMARIA,N/A,N/A,NINGUNA,IZ�CAR DE MATAMOROS
,FEDERAL,21DPR2818O,IGNACIO ZARAGOZA,,SAN MIGUEL XALTEPEC,1. DOCENTE,DOCENTE: MAESTRA O MAESTRO DE GRUPO,JORNADA,03 - EDUCACION PRIMARIA,N/A,N/A,NINGUNA,CIUDAD SERD�N
,FEDERAL,21DPR0380I,EMILIO CARRANZA,,SAN BUENAVENTURA TETLANANCA,1. DOCENTE,DOCENTE: MAESTRA O MAESTRO DE GRUPO,JORNADA,03 - EDUCACION PRIMARIA,N/A,N/A,NINGUNA,TEPEACA
,FEDERAL,21DPR0480H,MIGUEL HIDALGO,,SAN PEDRO LA JOYA,1. DOCENTE,DOCENTE: MAESTRA O MAESTRO DE GRUPO,JORNADA,03 - EDUCACION PRIMARIA,N/A,N/A,NINGUNA,TEPEACA
,FEDERAL,21DPR0709U,16 DE SEPTIEMBRE,,SAN MARTIN CALTENCO,1. DOCENTE,DOCENTE: MAESTRA O MAESTRO DE GRUPO,JORNADA,03 - EDUCACION PRIMARIA,N/A,N/A,NINGUNA,TEPEACA
,FEDERAL,21DPR0653I,IGNACIO ZARAGOZA,,SAN PABLITO,1. DOCENTE,DOCENTE: MAESTRA O MAESTRO DE GRUPO,JORNADA,03 - EDUCACION PRIMARIA,N/A,N/A,NINGUNA,HUAUCHINANGO
,FEDERAL,21DPR0883A,EMILIANO ZAPATA,,CERRO VERDE,1. DOCENTE,DOCENTE: MAESTRA O MAESTRO DE GRUPO,JORNADA,03 - EDUCACION PRIMARIA,N/A,N/A,NINGUNA,HUAUCHINANGO
,FEDERAL,21DPR1009H,FRANCISCO I. MADERO,,VISTA HERMOSA,1. DOCENTE,DOCENTE: MAESTRA O MAESTRO DE GRUPO,JORNADA,03 - EDUCACION PRIMARIA,N/A,N/A,NINGUNA,ACATL�N
,FEDERAL,21DPR0817B,LICENCIADO BENITO JUAREZ,,TLANIPATLA,1. DOCENTE,DOCENTE: MAESTRA O MAESTRO DE GRUPO,JORNADA,03 - EDUCACION PRIMARIA,N/A,N/A,NINGUNA,IZ�CAR DE MATAMOROS
,FEDERAL,21DPR1552R,GENERAL IGNACIO ZARAGOZA,,TOCHIMILTZINGO,1. DOCENTE,DOCENTE: MAESTRA O MAESTRO DE GRUPO,JORNADA,03 - EDUCACION PRIMARIA,N/A,N/A,NINGUNA,ATLIXCO
,FEDERAL,21DPR2747K,BENITO JUAREZ,,MIGUEL NEGRETE,1. DOCENTE,DOCENTE: MAESTRA O MAESTRO DE GRUPO,JORNADA,03 - EDUCACION PRIMARIA,N/A,N/A,NINGUNA,TEPEACA
,FEDERAL,21DPR1953M,MIGUEL HIDALGO,,GUADALUPE ENRIQUEZ,1. DOCENTE,DOCENTE: MAESTRA O MAESTRO DE GRUPO,JORNADA,03 - EDUCACION PRIMARIA,N/A,N/A,NINGUNA,TEPEACA
,FEDERAL,21DPR2818O,IGNACIO ZARAGOZA,,SAN MIGUEL XALTEPEC,1. DOCENTE,DOCENTE: MAESTRA O MAESTRO DE GRUPO,JORNADA,03 - EDUCACION PRIMARIA,N/A,N/A,NINGUNA,CIUDAD SERD�N
,FEDERAL,21DPR0480H,MIGUEL HIDALGO,,SAN PEDRO LA JOYA,1. DOCENTE,DOCENTE: MAESTRA O MAESTRO DE GRUPO,JORNADA,03 - EDUCACION PRIMARIA,N/A,N/A,NINGUNA,TEPEACA
,FEDERAL,21DPR0263T,JOSE MARIA MORELOS,,SAN BARTOLOME COSCOMAYA,1. DOCENTE,DOCENTE: MAESTRA O MAESTRO DE GRUPO,JORNADA,03 - EDUCACION PRIMARIA,N/A,N/A,NINGUNA,TEPEACA
,FEDERAL,21DPR3416A,JUAN CRISOSTOMO BONILLA,,SANTA MARIA NENETZINTLA,1. DOCENTE,DOCENTE: MAESTRA O MAESTRO DE GRUPO,JORNADA,03 - EDUCACION PRIMARIA,N/A,N/A,NINGUNA,TEPEACA
,FEDERAL,21DPR0883A,EMILIANO ZAPATA,,CERRO VERDE,1. DOCENTE,DOCENTE: MAESTRA O MAESTRO DE GRUPO,JORNADA,03 - EDUCACION PRIMARIA,N/A,N/A,NINGUNA,HUAUCHINANGO
,FEDERAL,21DPR2331N,BENITO JUAREZ,,CUAUTOTOLAPAN (SAN JOSE),1. DOCENTE,DOCENTE: MAESTRA O MAESTRO DE GRUPO,JORNADA,03 - EDUCACION PRIMARIA,N/A,N/A,NINGUNA,TEHUAC�N
,FEDERAL,21DPR2631K,CALMECAC,,XOCHITLAN,1. DOCENTE,DOCENTE: MAESTRA O MAESTRO DE GRUPO,JORNADA,03 - EDUCACION PRIMARIA,N/A,N/A,NINGUNA,TEPEACA
,FEDERAL,21DPR0973T,AQUILES SERDAN,,YEHUALTEPEC,1. DOCENTE,DOCENTE: MAESTRA O MAESTRO DE GRUPO,JORNADA,03 - EDUCACION PRIMARIA,N/A,N/A,NINGUNA,TEPEACA
,FEDERAL,21DPR1019O,BENITO JUAREZ,,SAN JUAN AMECAC,1. DOCENTE,DOCENTE: MAESTRA O MAESTRO DE GRUPO,JORNADA,03 - EDUCACION PRIMARIA,N/A,N/A,NINGUNA,ATLIXCO
,FEDERAL,21DPR2965Y,EMILIANO ZAPATA,,JESUS NAZARENO,1. DOCENTE,DOCENTE: MAESTRA O MAESTRO DE GRUPO,JORNADA,03 - EDUCACION PRIMARIA,N/A,N/A,NINGUNA,CIUDAD SERD�N
,FEDERAL,21DPR0780E,AMERICA,,RANCHO CHICO,1. DOCENTE,DOCENTE: MAESTRA O MAESTRO DE GRUPO,JORNADA,03 - EDUCACION PRIMARIA,N/A,N/A,NINGUNA,TEPEACA
,FEDERAL,21DPR2028C,JOSE MARIA MORELOS,,TLALHUAPAN,1. DOCENTE,DOCENTE: MAESTRA O MAESTRO DE GRUPO,JORNADA,03 - EDUCACION PRIMARIA,N/A,N/A,NINGUNA,HUAUCHINANGO
,FEDERAL,21DPR0277W,BENITO JUAREZ,,SANTIAGO ACOZAC,1. DOCENTE,DOCENTE: MAESTRA O MAESTRO DE GRUPO,JORNADA,03 - EDUCACION PRIMARIA,N/A,N/A,NINGUNA,TEPEACA
,FEDERAL,21DPR3637L,SATURNINA MARTINEZ RAMIREZ,,SAN SEBASTI�N VILLANUEVA,1. DOCENTE,DOCENTE: MAESTRA O MAESTRO DE GRUPO,JORNADA,03 - EDUCACION PRIMARIA,N/A,N/A,NINGUNA,TEPEACA
,FEDERAL,21DPR2303R,JUSTO SIERRA,,HUITZMALOC,1. DOCENTE,DOCENTE: MAESTRA O MAESTRO DE GRUPO,JORNADA,03 - EDUCACION PRIMARIA,N/A,N/A,NINGUNA,TEHUAC�N
,FEDERAL,21DPR3401Z,MIGUEL HIDALGO,,SAN MIGUEL ZOZUTLA,1. DOCENTE,DOCENTE: MAESTRA O MAESTRO DE GRUPO,JORNADA,03 - EDUCACION PRIMARIA,N/A,N/A,NINGUNA,TEPEACA
,FEDERAL,21DPR1256Q,JOSE MARIA MORELOS Y PAVON,,TEHUITZINGO,1. DOCENTE,DOCENTE: MAESTRA O MAESTRO DE GRUPO,JORNADA,03 - EDUCACION PRIMARIA,N/A,N/A,NINGUNA,ACATL�N
,FEDERAL,21DPR3033V,IGNACIO ZARAGOZA,,SAN FELIPE TEPEMAXALCO,1. DOCENTE,DOCENTE: MAESTRA O MAESTRO DE GRUPO,JORNADA,03 - EDUCACION PRIMARIA,N/A,N/A,NINGUNA,IZ�CAR DE MATAMOROS
,FEDERAL,21DPR1569R,HERMENEGILDO GALEANA,,SAN ANDRES AZUMIATLA,1. DOCENTE,DOCENTE: MAESTRA O MAESTRO DE GRUPO,JORNADA,03 - EDUCACION PRIMARIA,N/A,N/A,NINGUNA,PUEBLA SUR
,FEDERAL,21DPR1953M,MIGUEL HIDALGO,,GUADALUPE ENRIQUEZ,1. DOCENTE,DOCENTE: MAESTRA O MAESTRO DE GRUPO,JORNADA,03 - EDUCACION PRIMARIA,N/A,N/A,NINGUNA,TEPEACA
,FEDERAL,21DPR0781D,BENITO JUAREZ,,SAN GABRIEL TETZOYOCAN,1. DOCENTE,DOCENTE: MAESTRA O MAESTRO DE GRUPO,JORNADA,03 - EDUCACION PRIMARIA,N/A,N/A,NINGUNA,TEPEACA
,FEDERAL,21DPR0437T,CUAUHTEMOC,,TEHUITZINGO,1. DOCENTE,DOCENTE: MAESTRA O MAESTRO DE GRUPO,JORNADA,03 - EDUCACION PRIMARIA,N/A,N/A,NINGUNA,ACATL�N
,FEDERAL,21DPR0443D,HEROES DEL SESENTA Y DOS,,SAN FRANCISCO DE ASIS,1. DOCENTE,DOCENTE: MAESTRA O MAESTRO DE GRUPO,JORNADA,03 - EDUCACION PRIMARIA,N/A,N/A,NINGUNA,ACATL�N
,FEDERAL,21DPR1953M,MIGUEL HIDALGO,,GUADALUPE ENRIQUEZ,1. DOCENTE,DOCENTE: MAESTRA O MAESTRO DE GRUPO,JORNADA,03 - EDUCACION PRIMARIA,N/A,N/A,NINGUNA,TEPEACA
,FEDERAL,21DPR0973T,AQUILES SERDAN,,YEHUALTEPEC,1. DOCENTE,DOCENTE: MAESTRA O MAESTRO DE GRUPO,JORNADA,03 - EDUCACION PRIMARIA,N/A,N/A,NINGUNA,TEPEACA
,FEDERAL,21DPR1061D,IGNACIO ZARAGOZA,,CHICAHUAXTLA,1. DOCENTE,DOCENTE: MAESTRA O MAESTRO DE GRUPO,JORNADA,03 - EDUCACION PRIMARIA,N/A,N/A,NINGUNA,HUAUCHINANGO
,FEDERAL,21DPR1115R,MIGUEL HIDALGO,,SAN ISIDRO MONTERROSAS,1. DOCENTE,DOCENTE: MAESTRA O MAESTRO DE GRUPO,JORNADA,03 - EDUCACION PRIMARIA,N/A,N/A,NINGUNA,CIUDAD SERD�N
,FEDERAL,21DPR0266Q,JOSE MARIA MORELOS,,SANTA CATARINA VILLANUEVA,1. DOCENTE,DOCENTE: MAESTRA O MAESTRO DE GRUPO,JORNADA,03 - EDUCACION PRIMARIA,N/A,N/A,NINGUNA,TEPEACA
,FEDERAL,21DPR0973T,AQUILES SERDAN,,YEHUALTEPEC,1. DOCENTE,DOCENTE: MAESTRA O MAESTRO DE GRUPO,JORNADA,03 - EDUCACION PRIMARIA,N/A,N/A,NINGUNA,TEPEACA
,FEDERAL,21DPR0479S,BENITO JUAREZ,,SAN NICOLAS ZOYAPETLAYOCA,1. DOCENTE,DOCENTE: MAESTRA O MAESTRO DE GRUPO,JORNADA,03 - EDUCACION PRIMARIA,N/A,N/A,NINGUNA,TEPEACA
,FEDERAL,21DPR0599E,GUADALUPE VICTORIA,,GUADALUPE VICTORIA,1. DOCENTE,DOCENTE: MAESTRA O MAESTRO DE GRUPO,JORNADA,03 - EDUCACION PRIMARIA,N/A,N/A,NINGUNA,TEPEACA
,FEDERAL,21DPR0272A,MELCHOR OCAMPO,,LOS REYES DE JUAREZ,1. DOCENTE,DOCENTE: MAESTRA O MAESTRO DE GRUPO,JORNADA,03 - EDUCACION PRIMARIA,N/A,N/A,NINGUNA,TEPEACA
,FEDERAL,21DPR2118V,DOCTOR BELISARIO DOMINGUEZ,,HUAQUECHULA,1. DOCENTE,DOCENTE: MAESTRA O MAESTRO DE GRUPO,JORNADA,03 - EDUCACION PRIMARIA,N/A,N/A,NINGUNA,ATLIXCO
,FEDERAL,21DPR0780E,AMERICA,,RANCHO CHICO,1. DOCENTE,DOCENTE: MAESTRA O MAESTRO DE GRUPO,JORNADA,03 - EDUCACION PRIMARIA,N/A,N/A,NINGUNA,TEPEACA
,FEDERAL,21DPR0780E,AMERICA,,RANCHO CHICO,1. DOCENTE,DOCENTE: MAESTRA O MAESTRO DE GRUPO,JORNADA,03 - EDUCACION PRIMARIA,N/A,N/A,NINGUNA,TEPEACA
,FEDERAL,21DPR3637L,SATURNINA MARTINEZ RAMIREZ,,SAN SEBASTIAN VILLANUEVA,1. DOCENTE,DOCENTE: MAESTRA O MAESTRO DE GRUPO,JORNADA,03 - EDUCACION PRIMARIA,N/A,N/A,NINGUNA,TEPEACA
,FEDERAL,21DPR1110W,CUAUHTEMOC,,CARMEN SERDAN,1. DOCENTE,DOCENTE: MAESTRA O MAESTRO DE GRUPO,JORNADA,03 - EDUCACION PRIMARIA,N/A,N/A,NINGUNA,TEPEACA
,FEDERAL,21DPR0483E,VICENTE GUERRERO,,TLAYOATLA JOYA DE RODRIGUEZ,1. DOCENTE,DOCENTE: MAESTRA O MAESTRO DE GRUPO,JORNADA,03 - EDUCACION PRIMARIA,N/A,N/A,NINGUNA,TEPEACA
,FEDERAL,21DPR0714F,GENERAL IGNACIO ZARAGOZA,,XIXINGO DE LOS REYES,1. DOCENTE,DOCENTE: MAESTRA O MAESTRO DE GRUPO,JORNADA,03 - EDUCACION PRIMARIA,N/A,N/A,NINGUNA,ACATL�N
,FEDERAL,21DPR2757R,PRAXEDIS G. GUERRERO,,SAN LUCAS EL VIEJO,1. DOCENTE,DOCENTE: MAESTRA O MAESTRO DE GRUPO,JORNADA,03 - EDUCACION PRIMARIA,N/A,N/A,NINGUNA,TEPEACA
,FEDERAL,21DPR2376J,PROFESOR  JUAN RAMIREZ RAMOS,,SAN FRANCISCO XOCHITEOPAN,1. DOCENTE,DOCENTE: MAESTRA O MAESTRO DE GRUPO,JORNADA,03 - EDUCACION PRIMARIA,N/A,N/A,NINGUNA,ATLIXCO
,FEDERAL,21DPR0491N,HERMANOS SERDAN,,TLAMANCA DE HERNANDEZ,1. DOCENTE,DOCENTE: MAESTRA O MAESTRO DE GRUPO,JORNADA,03 - EDUCACION PRIMARIA,N/A,N/A,NINGUNA,ZACATL�N
,FEDERAL,21DPR3554C,20 DE NOVIEMBRE,,SAN MIGUEL XALTEPEC,1. DOCENTE,DOCENTE: MAESTRA O MAESTRO DE GRUPO,JORNADA,03 - EDUCACION PRIMARIA,N/A,N/A,NINGUNA,CIUDAD SERD�N
,FEDERAL,21DPR0473Y,IGNACIO ZARAGOZA,,SAN CRISTOBAL HIDALGO,1. DOCENTE,DOCENTE: MAESTRA O MAESTRO DE GRUPO,JORNADA,03 - EDUCACION PRIMARIA,N/A,N/A,NINGUNA,TEPEACA
,FEDERAL,21DPR1891Q,CADETE JUAN ESCUTIA,,TEPEACA,1. DOCENTE,DOCENTE: MAESTRA O MAESTRO DE GRUPO,JORNADA,03 - EDUCACION PRIMARIA,N/A,N/A,NINGUNA,TEPEACA
,FEDERAL,21DPR3554C,20 DE NOVIEMBRE,,SAN MIGUEL XALTEPEC,1. DOCENTE,DOCENTE: MAESTRA O MAESTRO DE GRUPO,JORNADA,03 - EDUCACION PRIMARIA,N/A,N/A,NINGUNA,CIUDAD SERD�N
,FEDERAL,21DPR1251V,EMILIANO ZAPATA,,TEPATLAXCO DE HIDALGO,1. DOCENTE,DOCENTE: MAESTRA O MAESTRO DE GRUPO,JORNADA,03 - EDUCACION PRIMARIA,N/A,N/A,NINGUNA,TEPEACA
,FEDERAL,21DPR2757R,PRAXEDIS G. GUERRERO,,SAN LUCAS EL VIEJO,1. DOCENTE,DOCENTE: MAESTRA O MAESTRO DE GRUPO,JORNADA,03 - EDUCACION PRIMARIA,N/A,N/A,NINGUNA,TEPEACA
,FEDERAL,21DPR0781D,BENITO JUAREZ,,SAN GABRIEL TETZOYOCAN,1. DOCENTE,DOCENTE: MAESTRA O MAESTRO DE GRUPO,JORNADA,03 - EDUCACION PRIMARIA,N/A,N/A,NINGUNA,TEPEACA
,FEDERAL,21DPR3694C,FRANCISCO VILLA,,HEROICA PUEBLA DE ZARAGOZA,1. DOCENTE,DOCENTE: MAESTRA O MAESTRO DE GRUPO,JORNADA,03 - EDUCACION PRIMARIA,N/A,N/A,NINGUNA,PUEBLA PONIENTE
,FEDERAL,,AMERICA,,RANCHO CHICO,1. DOCENTE,DOCENTE: MAESTRA O MAESTRO DE GRUPO,JORNADA,03 - EDUCACION PRIMARIA,N/A,N/A,NINGUNA,TEPEACA
,FEDERAL,21DPR1110W,CUAUHTEMOC,,CARMEN SERDAN,1. DOCENTE,DOCENTE: MAESTRA O MAESTRO DE GRUPO,JORNADA,03 - EDUCACION PRIMARIA,N/A,N/A,NINGUNA,TEPEACA
,FEDERAL,21DPR2378H,BENITO JUAREZ,,SAN JUAN AMECAC,1. DOCENTE,DOCENTE: MAESTRA O MAESTRO DE GRUPO,JORNADA,03 - EDUCACION PRIMARIA,N/A,N/A,NINGUNA,ATLIXCO
,FEDERAL,21DPR1092X,ESTADOS UNIDOS MEXICANOS,,BELLAVISTA DE VICTORIA (SAN JOS� BELLAVISTA),1. DOCENTE,DOCENTE: MAESTRA O MAESTRO DE GRUPO,JORNADA,03 - EDUCACION PRIMARIA,N/A,N/A,NINGUNA,CIUDAD SERD�N
,FEDERAL,21DPR0780E,AMERICA,,RANCHO CHICO,1. DOCENTE,DOCENTE: MAESTRA O MAESTRO DE GRUPO,JORNADA,03 - EDUCACION PRIMARIA,N/A,N/A,NINGUNA,TEPEACA
,FEDERAL,21DPR2337H,JOSE MARIA MORELOS,,SAN JUAN CUAUTLA,1. DOCENTE,DOCENTE: MAESTRA O MAESTRO DE GRUPO,JORNADA,03 - EDUCACION PRIMARIA,N/A,N/A,NINGUNA,TEHUAC�N
,FEDERAL,21DPR3569E,HERMANOS SERDAN,,SANTA CRUZ OCOTLAN,1. DOCENTE,DOCENTE: MAESTRA O MAESTRO DE GRUPO,JORNADA,03 - EDUCACION PRIMARIA,N/A,N/A,NINGUNA,CIUDAD SERD�N
,FEDERAL,21DPR0781D,BENITO JUAREZ,,SAN GABRIEL TETZOYOCAN,1. DOCENTE,DOCENTE: MAESTRA O MAESTRO DE GRUPO,JORNADA,03 - EDUCACION PRIMARIA,N/A,N/A,NINGUNA,TEPEACA
,FEDERAL,21DPR0277W,BENITO JUAREZ,,SANTIAGO ACOZAC,1. DOCENTE,DOCENTE: MAESTRA O MAESTRO DE GRUPO,JORNADA,03 - EDUCACION PRIMARIA,N/A,N/A,NINGUNA,TEPEACA
,FEDERAL,21DPR0783B,ALVARO OBREGON,,SAN MATEO TLACOMULCO,1. DOCENTE,DOCENTE: MAESTRA O MAESTRO DE GRUPO,JORNADA,03 - EDUCACION PRIMARIA,N/A,N/A,NINGUNA,TEPEACA
,FEDERAL,21DPR0193O,VICENTE GUERRERO,,PLAYA NUEVA,1. DOCENTE,DOCENTE: MAESTRA O MAESTRO DE GRUPO,JORNADA,03 - EDUCACION PRIMARIA,N/A,N/A,NINGUNA,TEHUAC�N
,FEDERAL,21DPR1092X,ESTADOS UNIDOS MEXICANOS,,BELLAVISTA DE VICTORIA (SAN JOS� BELLAVISTA),1. DOCENTE,DOCENTE: MAESTRA O MAESTRO DE GRUPO,JORNADA,03 - EDUCACION PRIMARIA,N/A,N/A,NINGUNA,CIUDAD SERD�N
,FEDERAL,21DPR1814L,azumiatla ,,SAN ESTEBAN ZOAPILTEPEC,1. DOCENTE,DOCENTE: MAESTRA O MAESTRO DE GRUPO,JORNADA,03 - EDUCACION PRIMARIA,N/A,N/A,NINGUNA,ATLIXCO
,FEDERAL,21DPR3725F,HERMANOS SERDAN,,GUADALUPE TLATELPA,1. DOCENTE,DOCENTE: MAESTRA O MAESTRO DE GRUPO,JORNADA,03 - EDUCACION PRIMARIA,N/A,N/A,NINGUNA,PUEBLA SUR
,FEDERAL,21DPR0443D,HEROES DEL SESENTA Y DOS,,SAN FRANCISCO DE ASIS,1. DOCENTE,DOCENTE: MAESTRA O MAESTRO DE GRUPO,JORNADA,03 - EDUCACION PRIMARIA,N/A,N/A,NINGUNA,ACATL�N
,FEDERAL,21DPR0261V,JOSE MARIA MORELOS,,FRANCISCO I. MADERO,1. DOCENTE,DOCENTE: MAESTRA O MAESTRO DE GRUPO,JORNADA,03 - EDUCACION PRIMARIA,N/A,N/A,NINGUNA,TEPEACA
,FEDERAL,21DPR1659J,MELCHOR OCAMPO,,TLAOLA,1. DOCENTE,DOCENTE: MAESTRA O MAESTRO DE GRUPO,JORNADA,03 - EDUCACION PRIMARIA,N/A,N/A,NINGUNA,HUAUCHINANGO
,FEDERAL,21DPR1555O,IGNACIO ALLENDE,,SAN JERONIMO ALMOLOYA,1. DOCENTE,DOCENTE: MAESTRA O MAESTRO DE GRUPO,JORNADA,03 - EDUCACION PRIMARIA,N/A,N/A,NINGUNA,TEPEACA
,FEDERAL,21DPR0383F,MIGUEL HIDALGO,,AHUATEPEC,1. DOCENTE,DOCENTE: MAESTRA O MAESTRO DE GRUPO,JORNADA,03 - EDUCACION PRIMARIA,N/A,N/A,NINGUNA,TEPEACA
,FEDERAL,21DPR0482F,MIGUEL HIDALGO,,SANTIAGO ACATLAN,1. DOCENTE,DOCENTE: MAESTRA O MAESTRO DE GRUPO,JORNADA,03 - EDUCACION PRIMARIA,N/A,N/A,NINGUNA,TEPEACA
,FEDERAL,21DPR0277W,BENITO JUAREZ,,SANTIAGO ACOZAC,1. DOCENTE,DOCENTE: MAESTRA O MAESTRO DE GRUPO,JORNADA,03 - EDUCACION PRIMARIA,N/A,N/A,NINGUNA,TEPEACA
,FEDERAL,21DPR3568F,AQUILES SERDAN,,YOVALASTOC,1. DOCENTE,DOCENTE: MAESTRA O MAESTRO DE GRUPO,JORNADA,03 - EDUCACION PRIMARIA,N/A,N/A,NINGUNA,TEHUAC�N
,FEDERAL,21DPR3023O,MIGUEL HIDALGO,,LOS REYES DE JU�REZ,1. DOCENTE,DOCENTE: MAESTRA O MAESTRO DE GRUPO,JORNADA,03 - EDUCACION PRIMARIA,N/A,N/A,NINGUNA,TEPEACA
,FEDERAL,21DPR2423D,IGNACIO COMONFORT,,ZITLALA,1. DOCENTE,DOCENTE: MAESTRA O MAESTRO DE GRUPO,JORNADA,03 - EDUCACION PRIMARIA,N/A,N/A,NINGUNA,ZACAPOAXTLA
,FEDERAL,21DPR0473Y,IGNACIO ZARAGOZA,,SAN CRISTOBAL HIDALGO,1. DOCENTE,DOCENTE: MAESTRA O MAESTRO DE GRUPO,JORNADA,03 - EDUCACION PRIMARIA,N/A,N/A,NINGUNA,TEPEACA
,FEDERAL,21DPR2375K,FORTINO AYAQUICA,,SAN JUAN TEJUPA,1. DOCENTE,DOCENTE: MAESTRA O MAESTRO DE GRUPO,JORNADA,03 - EDUCACION PRIMARIA,N/A,N/A,NINGUNA,ATLIXCO
,FEDERAL,21DPR2771K,EMILIANO ZAPATA,,HERN�NDEZ,1. DOCENTE,DOCENTE: MAESTRA O MAESTRO DE GRUPO,JORNADA,03 - EDUCACION PRIMARIA,N/A,N/A,NINGUNA,TEPEACA
,FEDERAL,21DPR0072C,MARIA ESPERANZA CHAVARRIA,,SAN ANDRES AZUMIATLA,1. DOCENTE,DOCENTE: MAESTRA O MAESTRO DE GRUPO,JORNADA,03 - EDUCACION PRIMARIA,N/A,N/A,NINGUNA,PUEBLA SUR
,FEDERAL,21DPR2310A,VICENTE GUERRERO,,ACATZINGO DE HIDALGO,1. DOCENTE,DOCENTE: MAESTRA O MAESTRO DE GRUPO,JORNADA,03 - EDUCACION PRIMARIA,N/A,N/A,NINGUNA,TEPEACA
,FEDERAL,21DPR0882B,IGNACIO ALLENDE,,SAN PABLO ACTIPAN,1. DOCENTE,DOCENTE: MAESTRA O MAESTRO DE GRUPO,JORNADA,03 - EDUCACION PRIMARIA,N/A,N/A,NINGUNA,TEPEACA
,FEDERAL,21DPR0385D,PLAN DE AYALA,,TECALI DE HERRERA,1. DOCENTE,DOCENTE: MAESTRA O MAESTRO DE GRUPO,JORNADA,03 - EDUCACION PRIMARIA,N/A,N/A,NINGUNA,TEPEACA
,FEDERAL,21DPR0973T,AQUILES SERDAN,,YEHUALTEPEC,1. DOCENTE,DOCENTE: MAESTRA O MAESTRO DE GRUPO,JORNADA,03 - EDUCACION PRIMARIA,N/A,N/A,NINGUNA,TEPEACA
,FEDERAL,21DPR0973T,AQUILES SERDAN,,YEHUALTEPEC,1. DOCENTE,DOCENTE: MAESTRA O MAESTRO DE GRUPO,JORNADA,03 - EDUCACION PRIMARIA,N/A,N/A,NINGUNA,TEPEACA
,FEDERAL,21DPR2952U,PLAN DE GUADALUPE,,ACATZINGO DE HIDALGO,1. DOCENTE,DOCENTE: MAESTRA O MAESTRO DE GRUPO,JORNADA,03 - EDUCACION PRIMARIA,N/A,N/A,NINGUNA,TEPEACA
,FEDERAL,21DPR0634U,AQUILES SERDAN,,SANTA MARIA EL ASERRADERO (PEONES ACASILLADOS),1. DOCENTE,DOCENTE: MAESTRA O MAESTRO DE GRUPO,JORNADA,03 - EDUCACION PRIMARIA,N/A,N/A,NINGUNA,CIUDAD SERD�N
,FEDERAL,21DPR0780E,AMERICA,,RANCHO CHICO,1. DOCENTE,DOCENTE: MAESTRA O MAESTRO DE GRUPO,JORNADA,03 - EDUCACION PRIMARIA,N/A,N/A,NINGUNA,TEPEACA
,FEDERAL,21DPR2921A,REPUBLICA DE ARGENTINA,,SAN ANTONIO LA PORTILLA,1. DOCENTE,DOCENTE: MAESTRA O MAESTRO DE GRUPO,JORNADA,03 - EDUCACION PRIMARIA,N/A,N/A,NINGUNA,TEPEACA
,FEDERAL,21DPR0781D,BENITO JUAREZ,,SAN GABRIEL TETZOYOCAN,1. DOCENTE,DOCENTE: MAESTRA O MAESTRO DE GRUPO,JORNADA,03 - EDUCACION PRIMARIA,N/A,N/A,NINGUNA,TEPEACA
,FEDERAL,21DPR3631R,RAFAEL RAMIREZ,,LA MAGDALENA TETELA MORELOS,1. DOCENTE,DOCENTE: MAESTRA O MAESTRO DE GRUPO,JORNADA,03 - EDUCACION PRIMARIA,N/A,N/A,NINGUNA,TEPEACA
,FEDERAL,21DPR2903L,PLAN DE AYALA,,SAN FRANCISCO HUILANGO,1. DOCENTE,DOCENTE: MAESTRA O MAESTRO DE GRUPO,JORNADA,03 - EDUCACION PRIMARIA,N/A,N/A,NINGUNA,ATLIXCO
,FEDERAL,21DPR1794O,FRANCISCO I. MADERO,,TLACOTEPEC DE PORFIRIO DIAZ,1. DOCENTE,DOCENTE: MAESTRA O MAESTRO DE GRUPO,JORNADA,03 - EDUCACION PRIMARIA,N/A,N/A,NINGUNA,TEHUAC�N
,FEDERAL,21DPR3609P,OCTAVIO PAZ,,AMATE REDONDO,1. DOCENTE,DOCENTE: MAESTRA O MAESTRO DE GRUPO,JORNADA,03 - EDUCACION PRIMARIA,N/A,N/A,NINGUNA,ACATL�N
,FEDERAL,21DPR2310A,VICENTE GUERRERO,,ACATZINGO DE HIDALGO,1. DOCENTE,DOCENTE: MAESTRA O MAESTRO DE GRUPO,JORNADA,03 - EDUCACION PRIMARIA,N/A,N/A,NINGUNA,TEPEACA
,FEDERAL,21DPR2514V,LICENCIADO JOSE VASCONCELOS,,TOLTECAMILA,1. DOCENTE,DOCENTE: MAESTRA O MAESTRO DE GRUPO,JORNADA,03 - EDUCACION PRIMARIA,N/A,N/A,NINGUNA,IZ�CAR DE MATAMOROS
,FEDERAL,21DPR0405A,EMILIO PORTES GIL,,SANTIAGO ALSESECA,1. DOCENTE,DOCENTE: MAESTRA O MAESTRO DE GRUPO,JORNADA,03 - EDUCACION PRIMARIA,N/A,N/A,NINGUNA,TEPEACA
,FEDERAL,21DPR0775T,NARCISO MENDOZA,,XOCHITL�N,1. DOCENTE,DOCENTE: MAESTRA O MAESTRO DE GRUPO,JORNADA,03 - EDUCACION PRIMARIA,N/A,N/A,NINGUNA,TEPEACA
,FEDERAL,21DPR0225Q,PROFESOR CARLOS PASTRANA JIMENEZ,,AHUATEPEC,1. DOCENTE,DOCENTE: MAESTRA O MAESTRO DE GRUPO,JORNADA,03 - EDUCACION PRIMARIA,N/A,N/A,NINGUNA,TEPEACA
,FEDERAL,21DPR1019O,BENITO JUAREZ,,SAN JUAN AMECAC,1. DOCENTE,DOCENTE: MAESTRA O MAESTRO DE GRUPO,JORNADA,03 - EDUCACION PRIMARIA,N/A,N/A,NINGUNA,ATLIXCO
,FEDERAL,21DPR0406Z,AMADO NERVO,,LA SOLEDAD,1. DOCENTE,DOCENTE: MAESTRA O MAESTRO DE GRUPO,JORNADA,03 - EDUCACION PRIMARIA,N/A,N/A,NINGUNA,TEPEACA
,FEDERAL,21DPR3563K,ANDRES QUINTANA ROO,,SANTA �RSULA CHICONQUIAC,1. DOCENTE,DOCENTE: MAESTRA O MAESTRO DE GRUPO,JORNADA,03 - EDUCACION PRIMARIA,N/A,N/A,NINGUNA,TEPEACA
,FEDERAL,21DPR3475Q,BENEMERITO DE LAS AMERICAS,,TEPEACA,1. DOCENTE,DOCENTE: MAESTRA O MAESTRO DE GRUPO,JORNADA,03 - EDUCACION PRIMARIA,N/A,N/A,NINGUNA,TEPEACA
,FEDERAL,21DPR2747K,BENITO JUAREZ,,MIGUEL NEGRETE,1. DOCENTE,DOCENTE: MAESTRA O MAESTRO DE GRUPO,JORNADA,03 - EDUCACION PRIMARIA,N/A,N/A,NINGUNA,TEPEACA
,FEDERAL,21DPR1659J,MELCHOR OCAMPO,,TLAOLA,1. DOCENTE,DOCENTE: MAESTRA O MAESTRO DE GRUPO,JORNADA,03 - EDUCACION PRIMARIA,N/A,N/A,NINGUNA,HUAUCHINANGO
,FEDERAL,21DPR2374L,EMILIANO ZAPATA,,SAN MATEO COATEPEC,1. DOCENTE,DOCENTE: MAESTRA O MAESTRO DE GRUPO,JORNADA,03 - EDUCACION PRIMARIA,N/A,N/A,NINGUNA,ATLIXCO
,FEDERAL,21DPR0781D,BENITO JUAREZ,,SAN GABRIEL TETZOYOCAN,1. DOCENTE,DOCENTE: MAESTRA O MAESTRO DE GRUPO,JORNADA,03 - EDUCACION PRIMARIA,N/A,N/A,NINGUNA,TEPEACA
,FEDERAL,21DPR1110W,CUAUHTEMOC,,CARMEN SERDAN,1. DOCENTE,DOCENTE: MAESTRA O MAESTRO DE GRUPO,JORNADA,03 - EDUCACION PRIMARIA,N/A,N/A,NINGUNA,TEPEACA
,FEDERAL,21DPR0277W,BENITO JUAREZ,,SANTIAGO ACOZAC,1. DOCENTE,DOCENTE: MAESTRA O MAESTRO DE GRUPO,JORNADA,03 - EDUCACION PRIMARIA,N/A,N/A,NINGUNA,TEPEACA
,FEDERAL,21DPR2661E,RENACIMIENTO,,ZOQUITLAN,1. DOCENTE,DOCENTE: MAESTRA O MAESTRO DE GRUPO,JORNADA,03 - EDUCACION PRIMARIA,N/A,N/A,NINGUNA,TEHUAC�N
,FEDERAL,21DPR1110W,CUAUHTEMOC,,CARMEN SERDAN,1. DOCENTE,DOCENTE: MAESTRA O MAESTRO DE GRUPO,JORNADA,03 - EDUCACION PRIMARIA,N/A,N/A,NINGUNA,TEPEACA
,FEDERAL,21DPR0973T,AQUILES SERDAN,,YEHUALTEPEC,1. DOCENTE,DOCENTE: MAESTRA O MAESTRO DE GRUPO,JORNADA,03 - EDUCACION PRIMARIA,N/A,N/A,NINGUNA,TEPEACA
,FEDERAL,21DPR3725F,HERMANOS SERDAN,,GUADALUPE TLATELPA,1. DOCENTE,DOCENTE: MAESTRA O MAESTRO DE GRUPO,JORNADA,03 - EDUCACION PRIMARIA,N/A,N/A,NINGUNA,PUEBLA SUR
,FEDERAL,21DPR0265R,CUAUHTEMOC,,SAN JOSE TUZUAPAN,1. DOCENTE,DOCENTE: MAESTRA O MAESTRO DE GRUPO,JORNADA,03 - EDUCACION PRIMARIA,N/A,N/A,NINGUNA,TEPEACA
,FEDERAL,21DPR0725L,REVOLUCION,,ALHUACA,1. DOCENTE,DOCENTE: MAESTRA O MAESTRO DE GRUPO,JORNADA,03 - EDUCACION PRIMARIA,N/A,N/A,NINGUNA,TEHUAC�N
,FEDERAL,21DPR2303R,JUSTO SIERRA,,HUITZMALOC,1. DOCENTE,DOCENTE: MAESTRA O MAESTRO DE GRUPO,JORNADA,03 - EDUCACION PRIMARIA,N/A,N/A,NINGUNA,TEHUAC�N
,FEDERAL,21DPR1063B,EL PENSADOR MEXICANO,,XOCHINANACATL�N,1. DOCENTE,DOCENTE: MAESTRA O MAESTRO DE GRUPO,JORNADA,03 - EDUCACION PRIMARIA,N/A,N/A,NINGUNA,HUAUCHINANGO
,FEDERAL,21DPR0604Z,DOLORES VEGA,,TEPETLACOLCO,1. DOCENTE,DOCENTE: MAESTRA O MAESTRO DE GRUPO,JORNADA,03 - EDUCACION PRIMARIA,N/A,N/A,NINGUNA,TEPEACA
,FEDERAL,21DPR2183V,BRAULIO RODRIGUEZ,,CONCEPCI�N PARDI�AS,1. DOCENTE,DOCENTE: MAESTRA O MAESTRO DE GRUPO,JORNADA,03 - EDUCACION PRIMARIA,N/A,N/A,NINGUNA,TEPEACA
,FEDERAL,21DPR0466O,AQUILES SERDAN,,SAN LORENZO JOYA DE RODRIGUEZ,1. DOCENTE,DOCENTE: MAESTRA O MAESTRO DE GRUPO,JORNADA,03 - EDUCACION PRIMARIA,N/A,N/A,NINGUNA,TEPEACA
,FEDERAL,21DPR0466O,AQUILES SERDAN,,SAN LORENZO JOYA DE RODRIGUEZ,1. DOCENTE,DOCENTE: MAESTRA O MAESTRO DE GRUPO,JORNADA,03 - EDUCACION PRIMARIA,N/A,N/A,NINGUNA,TEPEACA
,FEDERAL,21DPR3545V,JOSE VASCONCELOS,,SAN SALVADOR HUIXCOLOTLA,1. DOCENTE,DOCENTE: MAESTRA O MAESTRO DE GRUPO,JORNADA,03 - EDUCACION PRIMARIA,N/A,N/A,NINGUNA,TEPEACA
,FEDERAL,21DPR0418E,AQUILES SERDAN,,LA MAGDALENA TETELA MORELOS,1. DOCENTE,DOCENTE: MAESTRA O MAESTRO DE GRUPO,JORNADA,03 - EDUCACION PRIMARIA,N/A,N/A,NINGUNA,TEPEACA
,FEDERAL,21DPR2738C,IGNACIO ZARAGOZA,,ATLIXCO,1. DOCENTE,DOCENTE: MAESTRA O MAESTRO DE GRUPO,JORNADA,03 - EDUCACION PRIMARIA,N/A,N/A,NINGUNA,ATLIXCO
,FEDERAL,21DPR1007J,LAZARO CARDENAS,,LA PURISIMA DE HIDALGO,1. DOCENTE,DOCENTE: MAESTRA O MAESTRO DE GRUPO,JORNADA,03 - EDUCACION PRIMARIA,N/A,N/A,NINGUNA,TEPEACA
,FEDERAL,21DPR2921A,REPUBLICA DE ARGENTINA,,SAN ANTONIO LA PORTILLA,1. DOCENTE,DOCENTE: MAESTRA O MAESTRO DE GRUPO,JORNADA,03 - EDUCACION PRIMARIA,N/A,N/A,NINGUNA,TEPEACA
,FEDERAL,21DPR3637L,SATURNINA MARTINEZ RAMIREZ,,SAN SEBASTIAN VILLANUEVA,1. DOCENTE,DOCENTE: MAESTRA O MAESTRO DE GRUPO,JORNADA,03 - EDUCACION PRIMARIA,N/A,N/A,NINGUNA,TEPEACA
,FEDERAL,21DPR0404B,REPUBLICA DE CUBA,,SANTA ROSA,1. DOCENTE,DOCENTE: MAESTRA O MAESTRO DE GRUPO,JORNADA,03 - EDUCACION PRIMARIA,N/A,N/A,NINGUNA,TEPEACA
,FEDERAL,21DPR0707W,FRANCISCO I. MADERO,,SAN BARTOLOME TEPETLACALTECHCO,1. DOCENTE,DOCENTE: MAESTRA O MAESTRO DE GRUPO,JORNADA,03 - EDUCACION PRIMARIA,N/A,N/A,NINGUNA,TEPEACA
,FEDERAL,21DPR3545V,JOSE VASCONCELOS,,SAN SALVADOR HUIXCOLOTLA,1. DOCENTE,DOCENTE: MAESTRA O MAESTRO DE GRUPO,JORNADA,03 - EDUCACION PRIMARIA,N/A,N/A,NINGUNA,TEPEACA
,FEDERAL,21DPR1546G,MACLOVIO HERRERA,,SAN JUAN TEJALUCA,1. DOCENTE,DOCENTE: MAESTRA O MAESTRO DE GRUPO,JORNADA,03 - EDUCACION PRIMARIA,N/A,N/A,NINGUNA,ATLIXCO
,FEDERAL,21DPR3675O,RAUL ISIDRO BURGOS,,SAN JUAN AMECAC,1. DOCENTE,DOCENTE: MAESTRA O MAESTRO DE GRUPO,JORNADA,03 - EDUCACION PRIMARIA,N/A,N/A,NINGUNA,ATLIXCO
,FEDERAL,21DPR1540M,EMILIANO ZAPATA,,SAN FELIX HIDALGO,1. DOCENTE,DOCENTE: MAESTRA O MAESTRO DE GRUPO,JORNADA,03 - EDUCACION PRIMARIA,N/A,N/A,NINGUNA,
,FEDERAL,21DPR2253Z,EMILIANO ZAPATA,,SANTA CRUZ CUYACHAPA,1. DOCENTE,DOCENTE: MAESTRA O MAESTRO DE GRUPO,JORNADA,03 - EDUCACION PRIMARIA,N/A,N/A,NINGUNA,CIUDAD SERD�N
,FEDERAL,21DPR1900H,LIBERTAD,,CUACNOPALAN,1. DOCENTE,DOCENTE: MAESTRA O MAESTRO DE GRUPO,JORNADA,03 - EDUCACION PRIMARIA,N/A,N/A,NINGUNA,CIUDAD SERD�N
,FEDERAL,21DPR0725L,REVOLUCION,,ALHUACA,1. DOCENTE,DOCENTE: MAESTRA O MAESTRO DE GRUPO,JORNADA,03 - EDUCACION PRIMARIA,N/A,N/A,NINGUNA,TEHUAC�N
,FEDERAL,21DPR1095U,FRANCISCO SARABIA,,LA MAGDALENA,1. DOCENTE,DOCENTE: MAESTRA O MAESTRO DE GRUPO,JORNADA,03 - EDUCACION PRIMARIA,N/A,N/A,NINGUNA,HUAUCHINANGO
,FEDERAL,21DPR2383T,LA PAZ DEL MUNDO,,ATLIXCO,1. DOCENTE,DOCENTE: MAESTRA O MAESTRO DE GRUPO,JORNADA,03 - EDUCACION PRIMARIA,N/A,N/A,NINGUNA,ATLIXCO
,FEDERAL,21DPR3401Z,MIGUEL HIDALGO,,SAN MIGUEL ZOZUTLA,1. DOCENTE,DOCENTE: MAESTRA O MAESTRO DE GRUPO,JORNADA,03 - EDUCACION PRIMARIA,N/A,N/A,NINGUNA,TEPEACA
,FEDERAL,21DPR1791R,LICENCIADO ADOLFO LOPEZ MATEOS,,TEPETLACOLCO,1. DOCENTE,DOCENTE: MAESTRA O MAESTRO DE GRUPO,JORNADA,03 - EDUCACION PRIMARIA,N/A,N/A,NINGUNA,TEPEACA
,FEDERAL,21DPR2269A,NARCISO MENDOZA,,ACATZINGO DE HIDALGO,1. DOCENTE,DOCENTE: MAESTRA O MAESTRO DE GRUPO,JORNADA,03 - EDUCACION PRIMARIA,N/A,N/A,NINGUNA,TEPEACA
,FEDERAL,21DPR2919M,GENERAL LAZARO CARDENAS,,COATZINGO,1. DOCENTE,DOCENTE: MAESTRA O MAESTRO DE GRUPO,JORNADA,03 - EDUCACION PRIMARIA,N/A,N/A,NINGUNA,IZ�CAR DE MATAMOROS
,FEDERAL,21DPR1063B,EL PENSADOR MEXICANO,,XOCHINANACATL�N,1. DOCENTE,DOCENTE: MAESTRA O MAESTRO DE GRUPO,JORNADA,03 - EDUCACION PRIMARIA,N/A,N/A,NINGUNA,HUAUCHINANGO
,FEDERAL,21DPR2659Q,JOSEFA ORTIZ DE DOMINGUEZ,,TEPEACA,1. DOCENTE,DOCENTE: MAESTRA O MAESTRO DE GRUPO,JORNADA,03 - EDUCACION PRIMARIA,N/A,N/A,NINGUNA,TEPEACA
,FEDERAL,21DPR0630Y,LICENCIADO ADOLFO LOPEZ MATEOS,,SAN JOSE LLANO GRANDE (MAQUINA VIEJA),1. DOCENTE,DOCENTE: MAESTRA O MAESTRO DE GRUPO,JORNADA,03 - EDUCACION PRIMARIA,N/A,N/A,NINGUNA,CIUDAD SERD�N
,FEDERAL,21DPR1569R,HERMENEGILDO GALEANA,,SAN ANDRES AZUMIATLA,1. DOCENTE,DOCENTE: MAESTRA O MAESTRO DE GRUPO,JORNADA,03 - EDUCACION PRIMARIA,N/A,N/A,NINGUNA,PUEBLA SUR
,FEDERAL,21DPR1790S,EMILIANO ZAPATA,,SANTO NOMBRE,1. DOCENTE,DOCENTE: MAESTRA O MAESTRO DE GRUPO,JORNADA,03 - EDUCACION PRIMARIA,N/A,N/A,NINGUNA,TEPEACA
,FEDERAL,21DPR3725F,HERMANOS SERDAN,,GUADALUPE TLATELPA,1. DOCENTE,DOCENTE: MAESTRA O MAESTRO DE GRUPO,JORNADA,03 - EDUCACION PRIMARIA,N/A,N/A,NINGUNA,PUEBLA SUR
,FEDERAL,21DPR0273Z,MAXIMINO AVILA CAMACHO,,LOS REYES DE JUAREZ,1. DOCENTE,DOCENTE: MAESTRA O MAESTRO DE GRUPO,JORNADA,03 - EDUCACION PRIMARIA,N/A,N/A,NINGUNA,TEPEACA
,FEDERAL,21DPR1976X,AGUSTIN MELGAR,,ALVARO OBREGON,1. DOCENTE,DOCENTE: MAESTRA O MAESTRO DE GRUPO,JORNADA,03 - EDUCACION PRIMARIA,N/A,N/A,NINGUNA,CIUDAD SERD�N
,FEDERAL,21DPR0775T,NARCISO MENDOZA,,XOCHITLAN,1. DOCENTE,DOCENTE: MAESTRA O MAESTRO DE GRUPO,JORNADA,03 - EDUCACION PRIMARIA,N/A,N/A,NINGUNA,TEPEACA
,FEDERAL,21DPR1061D,IGNACIO ZARAGOZA,,CHICAHUAXTLA,1. DOCENTE,DOCENTE: MAESTRA O MAESTRO DE GRUPO,JORNADA,03 - EDUCACION PRIMARIA,N/A,N/A,NINGUNA,HUAUCHINANGO
,FEDERAL,21DPR0273Z,MAXIMINO AVILA CAMACHO,,BENITO JU�REZ,1. DOCENTE,DOCENTE: MAESTRA O MAESTRO DE GRUPO,JORNADA,03 - EDUCACION PRIMARIA,N/A,N/A,NINGUNA,TEPEACA
,FEDERAL,21DPR1569R,HERMENEGILDO GALEANA,,SAN ANDRES AZUMIATLA,1. DOCENTE,DOCENTE: MAESTRA O MAESTRO DE GRUPO,JORNADA,03 - EDUCACION PRIMARIA,N/A,N/A,NINGUNA,PUEBLA SUR
,FEDERAL,21DPR2258V,MTRO. RAUL ISIDRO BURGOS,,PALMARITO TOCHAPAN,1. DOCENTE,DOCENTE: MAESTRA O MAESTRO DE GRUPO,JORNADA,03 - EDUCACION PRIMARIA,N/A,N/A,NINGUNA,TEPEACA
,FEDERAL,21DPR2135L,VICENTE GUERRERO,,CANDELARIA PORTEZUELO,1. DOCENTE,DOCENTE: MAESTRA O MAESTRO DE GRUPO,JORNADA,03 - EDUCACION PRIMARIA,N/A,N/A,NINGUNA,TEPEACA
,FEDERAL,21DPR1782J,LAZARO CARDENAS,,CUAHUIHUITZOTITLA,1. DOCENTE,DOCENTE: MAESTRA O MAESTRO DE GRUPO,JORNADA,03 - EDUCACION PRIMARIA,N/A,N/A,NINGUNA,HUAUCHINANGO
,FEDERAL,21DPR1953M,MIGUEL HIDALGO,,GUADALUPE ENRIQUEZ,1. DOCENTE,DOCENTE: MAESTRA O MAESTRO DE GRUPO,JORNADA,03 - EDUCACION PRIMARIA,N/A,N/A,NINGUNA,TEPEACA
,FEDERAL,21DPR2183V,BRAULIO RODRIGUEZ,,CONCEPCI�N PARDI�AS,1. DOCENTE,DOCENTE: MAESTRA O MAESTRO DE GRUPO,JORNADA,03 - EDUCACION PRIMARIA,N/A,N/A,NINGUNA,TEPEACA
,FEDERAL,21DPR2713U,EMILIANO ZAPATA,,SANTIAGO ACATLAN,1. DOCENTE,DOCENTE: MAESTRA O MAESTRO DE GRUPO,JORNADA,03 - EDUCACION PRIMARIA,N/A,N/A,NINGUNA,TEPEACA
,FEDERAL,21DPR1109G,IGNACIO ZARAGOZA,,SAN ANTONIO PORTEZUELO,1. DOCENTE,DOCENTE: MAESTRA O MAESTRO DE GRUPO,JORNADA,03 - EDUCACION PRIMARIA,N/A,N/A,NINGUNA,TEPEACA
,FEDERAL,21DPR1540M,EMILIANO ZAPATA,,SAN FELIX HIDALGO,1. DOCENTE,DOCENTE: MAESTRA O MAESTRO DE GRUPO,JORNADA,03 - EDUCACION PRIMARIA,N/A,N/A,NINGUNA,ATLIXCO
,FEDERAL,21DPR0483E,VICENTE GUERRERO,,TLAYOATLA JOYA DE RODR�GUEZ,1. DOCENTE,DOCENTE: MAESTRA O MAESTRO DE GRUPO,JORNADA,03 - EDUCACION PRIMARIA,N/A,N/A,NINGUNA,TEPEACA
,FEDERAL,21DPR0273Z,MAXIMINO AVILA CAMACHO,,LOS REYES DE JUAREZ,1. DOCENTE,DOCENTE: MAESTRA O MAESTRO DE GRUPO,JORNADA,03 - EDUCACION PRIMARIA,N/A,N/A,NINGUNA,TEPEACA
,FEDERAL,21DPR0452L,MARIANO ESCOBEDO,,TUZANTLAN (MARIANO ESCOBEDO),1. DOCENTE,DOCENTE: MAESTRA O MAESTRO DE GRUPO,JORNADA,03 - EDUCACION PRIMARIA,N/A,N/A,NINGUNA,ACATL�N
,FEDERAL,21DPR0418E,AQUILES SERDAN,,LA MAGDALENA TETELA MORELOS,1. DOCENTE,DOCENTE: MAESTRA O MAESTRO DE GRUPO,JORNADA,03 - EDUCACION PRIMARIA,N/A,N/A,NINGUNA,TEPEACA
,FEDERAL,21DPR1290X,EL PENSADOR MEXICANO,,XACALCO,1. DOCENTE,DOCENTE: MAESTRA O MAESTRO DE GRUPO,JORNADA,03 - EDUCACION PRIMARIA,N/A,N/A,NINGUNA,TEHUAC�N
,FEDERAL,21DPR3707Q,RICARDO REYES MARQUEZ,,PALMARITO TOCHAPAN,1. DOCENTE,DOCENTE: MAESTRA O MAESTRO DE GRUPO,JORNADA,03 - EDUCACION PRIMARIA,N/A,N/A,NINGUNA,TEPEACA
,FEDERAL,21DPR1536Z,MANUEL DOMINGUEZ,,SANTO DOMINGO ATOYATEMPAN,1. DOCENTE,DOCENTE: MAESTRA O MAESTRO DE GRUPO,JORNADA,03 - EDUCACION PRIMARIA,N/A,N/A,NINGUNA,ATLIXCO
,FEDERAL,21DPR0265R,CUAUHTEMOC,,SAN JOSE TUZUAPAN,1. DOCENTE,DOCENTE: MAESTRA O MAESTRO DE GRUPO,JORNADA,03 - EDUCACION PRIMARIA,N/A,N/A,NINGUNA,TEPEACA
,FEDERAL,21DPR1092X,ESTADOS UNIDOS MEXICANOS,,BELLAVISTA DE VICTORIA (SAN JOS� BELLAVISTA),1. DOCENTE,DOCENTE: MAESTRA O MAESTRO DE GRUPO,JORNADA,03 - EDUCACION PRIMARIA,N/A,N/A,NINGUNA,CIUDAD SERD�N
,FEDERAL,21DPR0899B,FELIPE CARRILLO PUERTO,,SANTA CRUZ TEXMALAQUILLA,1. DOCENTE,DOCENTE: MAESTRA O MAESTRO DE GRUPO,JORNADA,03 - EDUCACION PRIMARIA,N/A,N/A,NINGUNA,CIUDAD SERD�N
,FEDERAL,21DPR0899B,FELIPE CARRILLO PUERTO,,SANTA CRUZ TEXMALAQUILLA,1. DOCENTE,DOCENTE: MAESTRA O MAESTRO DE GRUPO,JORNADA,03 - EDUCACION PRIMARIA,N/A,N/A,NINGUNA,CIUDAD SERD�N
,FEDERAL,21DPR0599E,GUADALUPE VICTORIA,,GUADALUPE VICTORIA,1. DOCENTE,DOCENTE: MAESTRA O MAESTRO DE GRUPO,JORNADA,03 - EDUCACION PRIMARIA,N/A,N/A,NINGUNA,TEPEACA
,FEDERAL,21DPR1814L,IGNACIO MANUEL ALTAMIRANO,,SAN ESTEBAN ZOAPILTEPEC,1. DOCENTE,DOCENTE: MAESTRA O MAESTRO DE GRUPO,JORNADA,03 - EDUCACION PRIMARIA,N/A,N/A,NINGUNA,ATLIXCO
,FEDERAL,21DPR2093C,MELCHOR OCAMPO,,SAN PEDRO CUAYUCA,1. DOCENTE,DOCENTE: MAESTRA O MAESTRO DE GRUPO,JORNADA,03 - EDUCACION PRIMARIA,N/A,N/A,NINGUNA,ACATL�N
,FEDERAL,21DPR0399G,CADETE VICENTE SUAREZ,,SAN BALTAZAR,1. DOCENTE,DOCENTE: MAESTRA O MAESTRO DE GRUPO,JORNADA,03 - EDUCACION PRIMARIA,N/A,N/A,NINGUNA,TEPEACA
,FEDERAL,21DPR2313Y,5 DE MAYO,,SAN SEBASTIAN VILLANUEVA,1. DOCENTE,DOCENTE: MAESTRA O MAESTRO DE GRUPO,JORNADA,03 - EDUCACION PRIMARIA,N/A,N/A,NINGUNA,TEPEACA
,FEDERAL,21DPR1277C,A�O INTERNACIONAL DEL NI�O,,SAN SALVADOR HUIXCOLOTLA,1. DOCENTE,DOCENTE: MAESTRA O MAESTRO DE GRUPO,JORNADA,03 - EDUCACION PRIMARIA,N/A,N/A,NINGUNA,TEPEACA
,FEDERAL,21DPR2313Y,5 DE MAYO,,SAN SEBASTIAN VILLANUEVA,1. DOCENTE,DOCENTE: MAESTRA O MAESTRO DE GRUPO,JORNADA,03 - EDUCACION PRIMARIA,N/A,N/A,NINGUNA,TEPEACA
,FEDERAL,21DPR0775T,NARCISO MENDOZA,,XOCHITL�N,1. DOCENTE,DOCENTE: MAESTRA O MAESTRO DE GRUPO,JORNADA,03 - EDUCACION PRIMARIA,N/A,N/A,NINGUNA,TEPEACA
,FEDERAL,21DPR0660S,IGNACIO MANUEL ALTAMIRANO,,XALTEPUXTLA,1. DOCENTE,DOCENTE: MAESTRA O MAESTRO DE GRUPO,JORNADA,03 - EDUCACION PRIMARIA,N/A,N/A,NINGUNA,HUAUCHINANGO
,FEDERAL,21DPR1241O,GUILLERMO PRIETO,,TOZIHUIC,1. DOCENTE,DOCENTE: MAESTRA O MAESTRO DE GRUPO,JORNADA,03 - EDUCACION PRIMARIA,N/A,N/A,NINGUNA,LIBRES
,FEDERAL,21DPR0599E,GUADALUPE VICTORIA,,GUADALUPE VICTORIA,1. DOCENTE,DOCENTE: MAESTRA O MAESTRO DE GRUPO,JORNADA,03 - EDUCACION PRIMARIA,N/A,N/A,NINGUNA,TEPEACA
,FEDERAL,21DPR2313Y,5 DE MAYO,,SAN SEBASTIAN VILLANUEVA,1. DOCENTE,DOCENTE: MAESTRA O MAESTRO DE GRUPO,JORNADA,03 - EDUCACION PRIMARIA,N/A,N/A,NINGUNA,TEPEACA
,FEDERAL,21DPR2109N,INSURGENTE VALERIO TRUJANO,,SAN BLAS TECOLOTEPEC,1. DOCENTE,DOCENTE: MAESTRA O MAESTRO DE GRUPO,JORNADA,03 - EDUCACION PRIMARIA,N/A,N/A,NINGUNA,CIUDAD SERD�N
,FEDERAL,21DPR1559k,EL PORVENIR,,SAN ANTONIO JU�REZ,1. DOCENTE,DOCENTE: MAESTRA O MAESTRO DE GRUPO,JORNADA,03 - EDUCACION PRIMARIA,N/A,N/A,NINGUNA,TEPEACA
,FEDERAL,21DPR0483E,VICENTE GUERRERO,,TLAYOATLA JOYA DE RODRIGUEZ,1. DOCENTE,DOCENTE: MAESTRA O MAESTRO DE GRUPO,JORNADA,03 - EDUCACION PRIMARIA,N/A,N/A,NINGUNA,TEPEACA
,FEDERAL,21DPR0170D,MAXIMINO AVILA CAMACHO,,CUESTA BLANCA,1. DOCENTE,DOCENTE: MAESTRA O MAESTRO DE GRUPO,JORNADA,03 - EDUCACION PRIMARIA,N/A,N/A,NINGUNA,CIUDAD SERD�N
,FEDERAL,21DPR0996D,16 DE SEPTIEMBRE,,SAN MARTIN CALTENCO,1. DOCENTE,DOCENTE: MAESTRA O MAESTRO DE GRUPO,JORNADA,03 - EDUCACION PRIMARIA,N/A,N/A,NINGUNA,TEPEACA
,FEDERAL,21DPR0265R,CUAUHTEMOC,,SAN JOSE TUZUAPAN,1. DOCENTE,DOCENTE: MAESTRA O MAESTRO DE GRUPO,JORNADA,03 - EDUCACION PRIMARIA,N/A,N/A,NINGUNA,TEPEACA
,FEDERAL,21DPR2303R,JUSTO SIERRA,,HUITZMALOC,1. DOCENTE,DOCENTE: MAESTRA O MAESTRO DE GRUPO,JORNADA,03 - EDUCACION PRIMARIA,N/A,N/A,NINGUNA,TEHUAC�N
,FEDERAL,21DPR2763B,DONACIANO SANCHEZ SALES,,LOS MARIAS,1. DOCENTE,DOCENTE: MAESTRA O MAESTRO DE GRUPO,JORNADA,03 - EDUCACION PRIMARIA,N/A,N/A,NINGUNA,TEPEACA
,FEDERAL,21DPR2116X,VICENTE GUERRERO,,SOLEDAD MORELOS,1. DOCENTE,DOCENTE: MAESTRA O MAESTRO DE GRUPO,JORNADA,03 - EDUCACION PRIMARIA,N/A,N/A,NINGUNA,ATLIXCO
,FEDERAL,21DPR0076Z,AGUSTIN DE ITURBIDE,,ACATZINGO DE HIDALGO,1. DOCENTE,DOCENTE: MAESTRA O MAESTRO DE GRUPO,JORNADA,03 - EDUCACION PRIMARIA,N/A,N/A,NINGUNA,TEPEACA
,FEDERAL,21DPR1975Y,LEONARDO BRAVO,,SAN ISIDRO CANOAS ALTAS,1. DOCENTE,DOCENTE: MAESTRA O MAESTRO DE GRUPO,JORNADA,03 - EDUCACION PRIMARIA,N/A,N/A,NINGUNA,CIUDAD SERD�N
,FEDERAL,21DPR3637L,SATURNINA MARTINEZ RAMIREZ,,SAN SEBASTI�N VILLANUEVA,1. DOCENTE,DOCENTE: MAESTRA O MAESTRO DE GRUPO,JORNADA,03 - EDUCACION PRIMARIA,N/A,N/A,NINGUNA,TEPEACA
,FEDERAL,21DPR0276X,MELCHOR OCAMPO,,SAN JUAN ACOZAC,1. DOCENTE,DOCENTE: MAESTRA O MAESTRO DE GRUPO,JORNADA,03 - EDUCACION PRIMARIA,N/A,N/A,NINGUNA,TEPEACA
,FEDERAL,21DPR0973T,AQUILES SERDAN,,YEHUALTEPEC,1. DOCENTE,DOCENTE: MAESTRA O MAESTRO DE GRUPO,JORNADA,03 - EDUCACION PRIMARIA,N/A,N/A,NINGUNA,TEPEACA
,FEDERAL,21DPR0406Z,AMADO NERVO,,LA SOLEDAD,1. DOCENTE,DOCENTE: MAESTRA O MAESTRO DE GRUPO,JORNADA,03 - EDUCACION PRIMARIA,N/A,N/A,NINGUNA,TEPEACA
,FEDERAL,21DPR1610R,GENERAL LAZARO CARDENAS,,AHUEHUETITLA,1. DOCENTE,DOCENTE: MAESTRA O MAESTRO DE GRUPO,JORNADA,03 - EDUCACION PRIMARIA,N/A,N/A,NINGUNA,ACATL�N
,FEDERAL,21DPR0441F,ENRIQUE G. LEON URIBE,,LA NORIA HIDALGO,1. DOCENTE,DOCENTE: MAESTRA O MAESTRO DE GRUPO,JORNADA,03 - EDUCACION PRIMARIA,N/A,N/A,NINGUNA,ACATL�N
,FEDERAL,21DPR0868I,EMILIANO ZAPATA,,TUXTLA,1. DOCENTE,DOCENTE: MAESTRA O MAESTRO DE GRUPO,JORNADA,03 - EDUCACION PRIMARIA,N/A,N/A,NINGUNA,ZACAPOAXTLA
,FEDERAL,21DPR1571F,VALENTIN GOMEZ FARIAS,,TEPANACITLA (GUADALUPE TEPANACITLA),1. DOCENTE,DOCENTE: MAESTRA O MAESTRO DE GRUPO,JORNADA,03 - EDUCACION PRIMARIA,N/A,N/A,NINGUNA,TEPEXI DE RODR�GUEZ
,FEDERAL,21DPR1573D,JUSTO SIERRA MENDEZ,,SAN JUAN ATZOMPA,1. DOCENTE,DOCENTE: MAESTRA O MAESTRO DE GRUPO,JORNADA,03 - EDUCACION PRIMARIA,N/A,N/A,NINGUNA,TEPEXI DE RODR�GUEZ
,FEDERAL,21DPR2303R,JUSTO SIERRA,,HUITZMALOC,1. DOCENTE,DOCENTE: MAESTRA O MAESTRO DE GRUPO,JORNADA,03 - EDUCACION PRIMARIA,N/A,N/A,NINGUNA,TEHUAC�N
,FEDERAL,21DPR0275y,REPUBLICA ARGENTINA,,LOS REYES DE JUAREZ,1. DOCENTE,DOCENTE: MAESTRA O MAESTRO DE GRUPO,JORNADA,03 - EDUCACION PRIMARIA,N/A,N/A,NINGUNA,TEPEACA
,FEDERAL,21DPR0277W,BENITO JUAREZ,,LOS REYES DE JUAREZ,1. DOCENTE,DOCENTE: MAESTRA O MAESTRO DE GRUPO,JORNADA,03 - EDUCACION PRIMARIA,N/A,N/A,NINGUNA,TEPEACA
,FEDERAL,21DPR0398H,MIGUEL HIDALGO,,SAN ANTONIO TECOLCO,1. DOCENTE,DOCENTE: MAESTRA O MAESTRO DE GRUPO,JORNADA,03 - EDUCACION PRIMARIA,N/A,N/A,NINGUNA,TEPEACA
,FEDERAL,21DPR0399G,CADETE VICENTE SUAREZ,,SAN BALTAZAR,1. DOCENTE,DOCENTE: MAESTRA O MAESTRO DE GRUPO,JORNADA,03 - EDUCACION PRIMARIA,N/A,N/A,NINGUNA,TEPEACA
,FEDERAL,21DPR0469L,MIGUEL HIDALGO,,SAN HIPOLITO XOCHILTENANGO,1. DOCENTE,DOCENTE: MAESTRA O MAESTRO DE GRUPO,JORNADA,03 - EDUCACION PRIMARIA,N/A,N/A,NINGUNA,TEPEACA
,FEDERAL,21DPR0473Y,IGNACIO ZARAGOZA,,SAN CRISTOBAL HIDALGO,1. DOCENTE,DOCENTE: MAESTRA O MAESTRO DE GRUPO,JORNADA,03 - EDUCACION PRIMARIA,N/A,N/A,NINGUNA,TEPEACA
,FEDERAL,21DPR0479S,BENITO JUAREZ,,SAN NICOLAS ZOYAPETLAYOCA,1. DOCENTE,DOCENTE: MAESTRA O MAESTRO DE GRUPO,JORNADA,03 - EDUCACION PRIMARIA,N/A,N/A,NINGUNA,TEPEACA
,FEDERAL,21DPR0479S,BENITO JUAREZ,,SAN NICOLAS ZOYAPETLAYOCA,1. DOCENTE,DOCENTE: MAESTRA O MAESTRO DE GRUPO,JORNADA,03 - EDUCACION PRIMARIA,N/A,N/A,NINGUNA,TEPEACA
,FEDERAL,21DPR0862O,CARLOS MARX,,SAN PEDRO ATZUMBA,1. DOCENTE,DOCENTE: MAESTRA O MAESTRO DE GRUPO,JORNADA,03 - EDUCACION PRIMARIA,N/A,N/A,NINGUNA,TEHUAC�N
,FEDERAL,21DPR0604Z,DOLORES VEGA,,TEPETLACOLCO,1. DOCENTE,DOCENTE: MAESTRA O MAESTRO DE GRUPO,JORNADA,03 - EDUCACION PRIMARIA,N/A,N/A,NINGUNA,TEPEACA
,FEDERAL,21DPR0779P,FELIPE CARRILLO PUERTO,,YEHUALTEPEC,1. DOCENTE,DOCENTE: MAESTRA O MAESTRO DE GRUPO,JORNADA,03 - EDUCACION PRIMARIA,N/A,N/A,NINGUNA,TEPEACA
,FEDERAL,21DPR0882B,IGNACIO ALLENDE,,SAN PABLO ACTIPAN,1. DOCENTE,DOCENTE: MAESTRA O MAESTRO DE GRUPO,JORNADA,03 - EDUCACION PRIMARIA,N/A,N/A,NINGUNA,TEPEACA
,FEDERAL,21DPR1002O,CALMECAC,,SANTIAGO ALSESECA,1. DOCENTE,DOCENTE: MAESTRA O MAESTRO DE GRUPO,JORNADA,03 - EDUCACION PRIMARIA,N/A,N/A,NINGUNA,TEPEACA
,FEDERAL,21DPR0076Z,AGUSTIN DE ITURBIDE,,ACATZINGO DE HIDALGO,1. DOCENTE,DOCENTE: MAESTRA O MAESTRO DE GRUPO,JORNADA,03 - EDUCACION PRIMARIA,N/A,N/A,NINGUNA,TEPEACA
,FEDERAL,21DPR1289H,GENERAL RODOLFO SANCHEZ TABOADA,,SAN SEBASTIAN VILLANUEVA,1. DOCENTE,DOCENTE: MAESTRA O MAESTRO DE GRUPO,JORNADA,03 - EDUCACION PRIMARIA,N/A,N/A,NINGUNA,TEPEACA
,FEDERAL,21DPR1556N,LEONA VICARIO,,ALPATLAHUAC (SAN PEDRO ALPATLAHUAC),1. DOCENTE,DOCENTE: MAESTRA O MAESTRO DE GRUPO,JORNADA,03 - EDUCACION PRIMARIA,N/A,N/A,NINGUNA,TEPEACA
,FEDERAL,21DPR0484D,RODOLFO SANCHEZ TABOADA,,VICENTE GUERRERO,1. DOCENTE,DOCENTE: MAESTRA O MAESTRO DE GRUPO,JORNADA,03 - EDUCACION PRIMARIA,N/A,N/A,NINGUNA,TEPEACA
,FEDERAL,21DPR1926P,HERMANOS FLORES MAGON,,SAN HIPOLITO XOCHILTENANGO,1. DOCENTE,DOCENTE: MAESTRA O MAESTRO DE GRUPO,JORNADA,03 - EDUCACION PRIMARIA,N/A,N/A,NINGUNA,TEPEACA
,FEDERAL,21DPR2324D,MIGUEL HIDALGO,,PROGRESO DE JUAREZ,1. DOCENTE,DOCENTE: MAESTRA O MAESTRO DE GRUPO,JORNADA,03 - EDUCACION PRIMARIA,N/A,N/A,NINGUNA,TEPEACA
,FEDERAL,21DPR2325C,MIGUEL ALEMAN,,NICOLAS BRAVO,1. DOCENTE,DOCENTE: MAESTRA O MAESTRO DE GRUPO,JORNADA,03 - EDUCACION PRIMARIA,N/A,N/A,NINGUNA,TEPEACA
,FEDERAL,21DPR2325C,MIGUEL ALEMAN,,NICOLAS BRAVO,1. DOCENTE,DOCENTE: MAESTRA O MAESTRO DE GRUPO,JORNADA,03 - EDUCACION PRIMARIA,N/A,N/A,NINGUNA,TEPEACA
,FEDERAL,21DPR2631K,CALMECAC,,XOCHITLAN,1. DOCENTE,DOCENTE: MAESTRA O MAESTRO DE GRUPO,JORNADA,03 - EDUCACION PRIMARIA,N/A,N/A,NINGUNA,TEPEACA
,FEDERAL,21DPR3718W,MARGARITA MAZA DE JUAREZ,,LOS REYES DE JU�REZ,1. DOCENTE,DOCENTE: MAESTRA O MAESTRO DE GRUPO,JORNADA,03 - EDUCACION PRIMARIA,N/A,N/A,NINGUNA,TEPEACA
,FEDERAL,21DPR2687M,VICENTE LOMBARDO TOLEDANO,,PALMARITO TOCHAPAN,1. DOCENTE,DOCENTE: MAESTRA O MAESTRO DE GRUPO,JORNADA,03 - EDUCACION PRIMARIA,N/A,N/A,NINGUNA,TEPEACA
,FEDERAL,21DPR2890Y,TENOCHTITLAN,,SAN GABRIEL TETZOYOCAN,1. DOCENTE,DOCENTE: MAESTRA O MAESTRO DE GRUPO,JORNADA,03 - EDUCACION PRIMARIA,N/A,N/A,NINGUNA,TEPEACA
,FEDERAL,21DPR0996D,16 DE SEPTIEMBRE,,SAN MART�N CALTENCO,1. DOCENTE,DOCENTE: MAESTRA O MAESTRO DE GRUPO,JORNADA,03 - EDUCACION PRIMARIA,N/A,N/A,NINGUNA,TEPEACA
,FEDERAL,21DPR0170D,MAXIMINO AVILA CAMACHO,,CUESTA BLANCA,1. DOCENTE,DOCENTE: MAESTRA O MAESTRO DE GRUPO,JORNADA,03 - EDUCACION PRIMARIA,N/A,N/A,NINGUNA,CIUDAD SERD�N
,FEDERAL,21DPR2272O,IGNACIO ZARAGOZA,,AHUATLAN,1. DOCENTE,DOCENTE: MAESTRA O MAESTRO DE GRUPO,JORNADA,03 - EDUCACION PRIMARIA,N/A,N/A,NINGUNA,IZ�CAR DE MATAMOROS
,FEDERAL,21DPR0725L,REVOLUCION,,ALHUACA,1. DOCENTE,DOCENTE: MAESTRA O MAESTRO DE GRUPO,JORNADA,03 - EDUCACION PRIMARIA,N/A,N/A,NINGUNA,TEHUAC�N
,FEDERAL,21DPR2337H,JOSE MARIA MORELOS,,SAN JUAN CUAUTLA,1. DOCENTE,DOCENTE: MAESTRA O MAESTRO DE GRUPO,JORNADA,03 - EDUCACION PRIMARIA,N/A,N/A,NINGUNA,TEHUAC�N
,FEDERAL,21DPR2437G,XICOTENCATL,,CHACHAHUANTLA,1. DOCENTE,DOCENTE: MAESTRA O MAESTRO DE GRUPO,JORNADA,03 - EDUCACION PRIMARIA,N/A,N/A,NINGUNA,HUAUCHINANGO
,FEDERAL,21DPR2011C,CARLOS PASTRANA,,JESUS NAZARENO (RANCHO NUEVO),1. DOCENTE,DOCENTE: MAESTRA O MAESTRO DE GRUPO,JORNADA,03 - EDUCACION PRIMARIA,N/A,N/A,NINGUNA,CIUDAD SERD�N
,FEDERAL,21DPR1063B,EL PENSADOR MEXICANO,,XOCHINANACATLAN,1. DOCENTE,DOCENTE: MAESTRA O MAESTRO DE GRUPO,JORNADA,03 - EDUCACION PRIMARIA,N/A,N/A,NINGUNA,HUAUCHINANGO
,FEDERAL,21DPR1800I,REVOLUCION MEXICANA,,SAN JOSE PETLAPA,1. DOCENTE,DOCENTE: MAESTRA O MAESTRO DE GRUPO,JORNADA,03 - EDUCACION PRIMARIA,N/A,N/A,NINGUNA,TEHUAC�N
,FEDERAL,21DPR1600K,MIGUEL HIDALGO,,CHINANTLA,1. DOCENTE,DOCENTE: MAESTRA O MAESTRO DE GRUPO,JORNADA,03 - EDUCACION PRIMARIA,N/A,N/A,NINGUNA,ACATL�N
,FEDERAL,21DPR0484D,RODOLFO SANCHEZ TABOADA,,VICENTE GUERRERO,1. DOCENTE,DOCENTE: MAESTRA O MAESTRO DE GRUPO,JORNADA,03 - EDUCACION PRIMARIA,N/A,N/A,NINGUNA,TEPEACA
,FEDERAL,21DPR0658D,GENERAL JUAN ALVAREZ,,TLATLAPANALA,1. DOCENTE,DOCENTE: MAESTRA O MAESTRO DE GRUPO,JORNADA,03 - EDUCACION PRIMARIA,N/A,N/A,NINGUNA,HUAUCHINANGO
,FEDERAL,21DPR3033V,IGNACIO ZARAGOZA,,SAN FELIPE TEPEMAXALCO,1. DOCENTE,DOCENTE: MAESTRA O MAESTRO DE GRUPO,JORNADA,03 - EDUCACION PRIMARIA,N/A,N/A,NINGUNA,IZ�CAR DE MATAMOROS
,FEDERAL,21DPR0608W,VICENTE GUERRERO,,ITZATLAN,1. DOCENTE,DOCENTE: MAESTRA O MAESTRO DE GRUPO,JORNADA,03 - EDUCACION PRIMARIA,N/A,N/A,NINGUNA,HUAUCHINANGO
,FEDERAL,21DPR0895F,IGNACIO ALLENDE,,COYOLAPA,1. DOCENTE,DOCENTE: MAESTRA O MAESTRO DE GRUPO,JORNADA,03 - EDUCACION PRIMARIA,N/A,N/A,NINGUNA,TEHUAC�N
,FEDERAL,21DPR0265R,CUAUHTEMOC,,SAN JOSE TUZUAPAN,1. DOCENTE,DOCENTE: MAESTRA O MAESTRO DE GRUPO,JORNADA,03 - EDUCACION PRIMARIA,N/A,N/A,NINGUNA,TEPEACA
,FEDERAL,21DPR2874G,GENERAL RAFAEL AVILA CAMACHO,,EL CARMEN,1. DOCENTE,DOCENTE: MAESTRA O MAESTRO DE GRUPO,JORNADA,03 - EDUCACION PRIMARIA,N/A,N/A,NINGUNA,LIBRES
,FEDERAL,21DPR1061D,IGNACIO ZARAGOZA,,CHICAHUAXTLA,1. DOCENTE,DOCENTE: MAESTRA O MAESTRO DE GRUPO,JORNADA,03 - EDUCACION PRIMARIA,N/A,N/A,NINGUNA,HUAUCHINANGO
,FEDERAL,21DPR0701B,XICOTENCATL,,TECUANIPA (SAN MIGUEL TECUANIPA),1. DOCENTE,DOCENTE: MAESTRA O MAESTRO DE GRUPO,JORNADA,03 - EDUCACION PRIMARIA,N/A,N/A,NINGUNA,ATLIXCO
,FEDERAL,21DPR0608W,VICENTE GUERRERO,,ITZATLAN,1. DOCENTE,DOCENTE: MAESTRA O MAESTRO DE GRUPO,JORNADA,03 - EDUCACION PRIMARIA,N/A,N/A,NINGUNA,HUAUCHINANGO
,FEDERAL,21DPR1327U,EMILIANO ZAPATA,,SAN VICENTE,1. DOCENTE,DOCENTE: MAESTRA O MAESTRO DE GRUPO,JORNADA,03 - EDUCACION PRIMARIA,N/A,N/A,NINGUNA,IZ�CAR DE MATAMOROS
,FEDERAL,21DPR1063B,EL PENSADOR MEXICANO,,XOCHINANACATLAN,1. DOCENTE,DOCENTE: MAESTRA O MAESTRO DE GRUPO,JORNADA,03 - EDUCACION PRIMARIA,N/A,N/A,NINGUNA,HUAUCHINANGO
,FEDERAL,21DPR3707Q,RICARDO REYES MARQUEZ,,QUECHOLAC,1. DOCENTE,DOCENTE: MAESTRA O MAESTRO DE GRUPO,JORNADA,03 - EDUCACION PRIMARIA,N/A,N/A,NINGUNA,TEPEACA
,FEDERAL,21DPR1500L,MARGARITA MAZA DE JUAREZ,,GUADALUPE,1. DOCENTE,DOCENTE: MAESTRA O MAESTRO DE GRUPO,JORNADA,03 - EDUCACION PRIMARIA,N/A,N/A,NINGUNA,ACATL�N
,FEDERAL,21DPR0725L,REVOLUCION,,ALHUACA,1. DOCENTE,DOCENTE: MAESTRA O MAESTRO DE GRUPO,JORNADA,03 - EDUCACION PRIMARIA,N/A,N/A,NINGUNA,TEHUAC�N
,FEDERAL,21DPR0399G,CADETE VICENTE SUAREZ,,SAN BALTAZAR,1. DOCENTE,DOCENTE: MAESTRA O MAESTRO DE GRUPO,JORNADA,03 - EDUCACION PRIMARIA,N/A,N/A,NINGUNA,TEPEACA
,FEDERAL,21DPR0895F,IGNACIO ALLENDE,,COYOLAPA,1. DOCENTE,DOCENTE: MAESTRA O MAESTRO DE GRUPO,JORNADA,03 - EDUCACION PRIMARIA,N/A,N/A,NINGUNA,TEHUAC�N
,FEDERAL,21DPR1106J,BENITO JUAREZ,,XONOTIPAN DE JUAREZ,1. DOCENTE,DOCENTE: MAESTRA O MAESTRO DE GRUPO,JORNADA,03 - EDUCACION PRIMARIA,N/A,N/A,NINGUNA,TEHUAC�N
,FEDERAL,21DPR0485C,REPUBLICA DE CUBA,,ZAHUATLAN DE MORELOS (SAN JOSE),1. DOCENTE,DOCENTE: MAESTRA O MAESTRO DE GRUPO,JORNADA,03 - EDUCACION PRIMARIA,N/A,N/A,NINGUNA,TEPEACA
,FEDERAL,21DPR0266Q,JOSE MARIA MORELOS,,SANTA CATARINA VILLANUEVA,1. DOCENTE,DOCENTE: MAESTRA O MAESTRO DE GRUPO,JORNADA,03 - EDUCACION PRIMARIA,N/A,N/A,NINGUNA,TEPEACA
,FEDERAL,21DPR2272O,IGNACIO ZARAGOZA,,AHUATLAN,1. DOCENTE,DOCENTE: MAESTRA O MAESTRO DE GRUPO,JORNADA,03 - EDUCACION PRIMARIA,N/A,N/A,NINGUNA,IZ�CAR DE MATAMOROS
,FEDERAL,21DPR0725L,REVOLUCION,,ALHUACA,1. DOCENTE,DOCENTE: MAESTRA O MAESTRO DE GRUPO,JORNADA,03 - EDUCACION PRIMARIA,N/A,N/A,NINGUNA,TEHUAC�N
,FEDERAL,21DPR0491N,HERMANOS SERDAN,,TLAMANCA DE HERNANDEZ,1. DOCENTE,DOCENTE: MAESTRA O MAESTRO DE GRUPO,JORNADA,03 - EDUCACION PRIMARIA,N/A,N/A,NINGUNA,ZACATL�N
,FEDERAL,21DPR2303R,JUSTO SIERRA,,HUITZMALOC,1. DOCENTE,DOCENTE: MAESTRA O MAESTRO DE GRUPO,JORNADA,03 - EDUCACION PRIMARIA,N/A,N/A,NINGUNA,TEHUAC�N
,FEDERAL,21DPR0373Z,BENITO JUAREZ,,SANTO TOMAS HUEYOTLIPAN,1. DOCENTE,DOCENTE: MAESTRA O MAESTRO DE GRUPO,JORNADA,03 - EDUCACION PRIMARIA,N/A,N/A,NINGUNA,TEPEACA
,FEDERAL,21DPR0608W,VICENTE GUERRERO,,ITZATLAN,1. DOCENTE,DOCENTE: MAESTRA O MAESTRO DE GRUPO,JORNADA,03 - EDUCACION PRIMARIA,N/A,N/A,NINGUNA,HUAUCHINANGO
,FEDERAL,21DPR0266Q,JOSE MARIA MORELOS,,SANTA CATARINA VILLANUEVA,1. DOCENTE,DOCENTE: MAESTRA O MAESTRO DE GRUPO,JORNADA,03 - EDUCACION PRIMARIA,N/A,N/A,NINGUNA,TEPEACA
,FEDERAL,21DPR0418E,AQUILES SERDAN,,LA MAGDALENA TETELA MORELOS,1. DOCENTE,DOCENTE: MAESTRA O MAESTRO DE GRUPO,JORNADA,03 - EDUCACION PRIMARIA,N/A,N/A,NINGUNA,TEPEACA
,FEDERAL,21DPR0305B,EVOLUCION,,SANTA CRUZ COYOTEPEC,1. DOCENTE,DOCENTE: MAESTRA O MAESTRO DE GRUPO,JORNADA,03 - EDUCACION PRIMARIA,N/A,N/A,NINGUNA,CIUDAD SERD�N
,FEDERAL,21DPR1572E,IGNACIO ALLENDE,,TEPETZITZINTLA,1. DOCENTE,DOCENTE: MAESTRA O MAESTRO DE GRUPO,JORNADA,03 - EDUCACION PRIMARIA,N/A,N/A,NINGUNA,TEPEXI DE RODR�GUEZ
,FEDERAL,21DPR1044N,AQUILES SERDAN,,GUADALUPE,1. DOCENTE,DOCENTE: MAESTRA O MAESTRO DE GRUPO,JORNADA,03 - EDUCACION PRIMARIA,N/A,N/A,NINGUNA,ATLIXCO
,FEDERAL,21DPR0898C,CUAUHTEMOC,,TEPEXILOTLA,1. DOCENTE,DOCENTE: MAESTRA O MAESTRO DE GRUPO,JORNADA,03 - EDUCACION PRIMARIA,N/A,N/A,NINGUNA,TEHUAC�N
,FEDERAL,21DPR1276D,MIGUEL HIDALGO,,TLAPETLAHUAYA,1. DOCENTE,DOCENTE: MAESTRA O MAESTRO DE GRUPO,JORNADA,03 - EDUCACION PRIMARIA,N/A,N/A,NINGUNA,ATLIXCO
,FEDERAL,21DPR0399G,CADETE VICENTE SUAREZ,,SAN BALTAZAR,1. DOCENTE,DOCENTE: MAESTRA O MAESTRO DE GRUPO,JORNADA,03 - EDUCACION PRIMARIA,N/A,N/A,NINGUNA,TEPEACA
,FEDERAL,21DPR0485C,REPUBLICA DE CUBA,,ZAHUATLAN DE MORELOS (SAN JOSE),1. DOCENTE,DOCENTE: MAESTRA O MAESTRO DE GRUPO,JORNADA,03 - EDUCACION PRIMARIA,N/A,N/A,NINGUNA,TEPEACA
,FEDERAL,21DPR1565V,ARTICULO 27 CONSTITUCIONAL,,SANTA MARIA GUADALUPE TECOLA,1. DOCENTE,DOCENTE: MAESTRA O MAESTRO DE GRUPO,JORNADA,03 - EDUCACION PRIMARIA,N/A,N/A,NINGUNA,PUEBLA SUR
,FEDERAL,21DPR1565V,ARTICULO 27 CONSTITUCIONAL,,SANTA MARIA GUADALUPE TECOLA,1. DOCENTE,DOCENTE: MAESTRA O MAESTRO DE GRUPO,JORNADA,03 - EDUCACION PRIMARIA,N/A,N/A,NINGUNA,PUEBLA SUR
,FEDERAL,21DPR3049W,EMILIANO ZAPATA,,XOCHITZINGA,1. DOCENTE,DOCENTE: MAESTRA O MAESTRO DE GRUPO,JORNADA,03 - EDUCACION PRIMARIA,N/A,N/A,NINGUNA,TEHUAC�N
,FEDERAL,21DPR2337H,JOSE MARIA MORELOS,,SAN JUAN CUAUTLA,1. DOCENTE,DOCENTE: MAESTRA O MAESTRO DE GRUPO,JORNADA,03 - EDUCACION PRIMARIA,N/A,N/A,NINGUNA,TEHUAC�N
,FEDERAL,21DPR2771K,EMILIANO ZAPATA,,HERN�NDEZ,1. DOCENTE,DOCENTE: MAESTRA O MAESTRO DE GRUPO,JORNADA,03 - EDUCACION PRIMARIA,N/A,N/A,NINGUNA,TEPEACA
,FEDERAL,21DPR0608W,VICENTE GUERRERO,,ITZATL�N,1. DOCENTE,DOCENTE: MAESTRA O MAESTRO DE GRUPO,JORNADA,03 - EDUCACION PRIMARIA,N/A,N/A,NINGUNA,HUAUCHINANGO
,FEDERAL,21DPR1610R,GENERAL LAZARO CARDENAS,,AHUEHUETITLA,1. DOCENTE,DOCENTE: MAESTRA O MAESTRO DE GRUPO,JORNADA,03 - EDUCACION PRIMARIA,N/A,N/A,NINGUNA,ACATL�N
,FEDERAL,21DPR2376J,PROFESOR  JUAN RAMIREZ RAMOS,,SAN FRANCISCO XOCHITEOPAN,1. DOCENTE,DOCENTE: MAESTRA O MAESTRO DE GRUPO,JORNADA,03 - EDUCACION PRIMARIA,N/A,N/A,NINGUNA,ATLIXCO
,FEDERAL,21DPR0373Z,BENITO JUAREZ,,SANTO TOMAS HUEYOTLIPAN,1. DOCENTE,DOCENTE: MAESTRA O MAESTRO DE GRUPO,JORNADA,03 - EDUCACION PRIMARIA,N/A,N/A,NINGUNA,TEPEACA
,FEDERAL,21DPR0611J,AQUILES SERDAN,,PAPALOCTIPAN,1. DOCENTE,DOCENTE: MAESTRA O MAESTRO DE GRUPO,JORNADA,03 - EDUCACION PRIMARIA,N/A,N/A,NINGUNA,HUAUCHINANGO
,FEDERAL,21DPR0775T,NARCISO MENDOZA,,XOCHITL�N,1. DOCENTE,DOCENTE: MAESTRA O MAESTRO DE GRUPO,JORNADA,03 - EDUCACION PRIMARIA,N/A,N/A,NINGUNA,TEPEACA
,FEDERAL,21DPR0631X,VICENTE GUERRERO,,SAN MIGUEL ZOAPAN,1. DOCENTE,DOCENTE: MAESTRA O MAESTRO DE GRUPO,JORNADA,03 - EDUCACION PRIMARIA,N/A,N/A,NINGUNA,CIUDAD SERD�N
,FEDERAL,21DPR2272O,IGNACIO ZARAGOZA,,AHUATLAN,1. DOCENTE,DOCENTE: MAESTRA O MAESTRO DE GRUPO,JORNADA,03 - EDUCACION PRIMARIA,N/A,N/A,NINGUNA,IZ�CAR DE MATAMOROS
,FEDERAL,21DPR0611J,AQUILES SERDAN,,PAPALOCTIPAN,1. DOCENTE,DOCENTE: MAESTRA O MAESTRO DE GRUPO,JORNADA,03 - EDUCACION PRIMARIA,N/A,N/A,NINGUNA,HUAUCHINANGO
,FEDERAL,21DPR2011C,CARLOS PASTRANA,,JESUS NAZARENO (RANCHO NUEVO),1. DOCENTE,DOCENTE: MAESTRA O MAESTRO DE GRUPO,JORNADA,03 - EDUCACION PRIMARIA,N/A,N/A,NINGUNA,CIUDAD SERD�N
,FEDERAL,21DPR2844M,PROGRESO,,YAHUALUTZINGO,1. DOCENTE,DOCENTE: MAESTRA O MAESTRO DE GRUPO,JORNADA,03 - EDUCACION PRIMARIA,N/A,N/A,NINGUNA,TEHUAC�N
,FEDERAL,21DPR3554C,20 DE NOVIEMBRE,,SAN MIGUEL XALTEPEC,1. DOCENTE,DOCENTE: MAESTRA O MAESTRO DE GRUPO,JORNADA,03 - EDUCACION PRIMARIA,N/A,N/A,NINGUNA,CIUDAD SERD�N
,FEDERAL,21DPR0484D,RODOLFO SANCHEZ TABOADA,,VICENTE GUERRERO,1. DOCENTE,DOCENTE: MAESTRA O MAESTRO DE GRUPO,JORNADA,03 - EDUCACION PRIMARIA,N/A,N/A,NINGUNA,TEPEACA
,FEDERAL,21DPR1565V,ARTICULO 27 CONSTITUCIONAL,,SANTA MARIA GUADALUPE TECOLA,1. DOCENTE,DOCENTE: MAESTRA O MAESTRO DE GRUPO,JORNADA,03 - EDUCACION PRIMARIA,N/A,N/A,NINGUNA,PUEBLA SUR
,FEDERAL,21DPR0725L,REVOLUCION,,ALHUACA,1. DOCENTE,DOCENTE: MAESTRA O MAESTRO DE GRUPO,JORNADA,03 - EDUCACION PRIMARIA,N/A,N/A,NINGUNA,TEHUAC�N
,FEDERAL,21DPR1602I,EMILIO CARRANZA,,SAN VICENTE EL PE�ON,1. DOCENTE,DOCENTE: MAESTRA O MAESTRO DE GRUPO,JORNADA,03 - EDUCACION PRIMARIA,N/A,N/A,NINGUNA,ACATL�N
,FEDERAL,21DPR1563X,MARIANO MATAMOROS,,SAN PEDRO ZACACHIMALPA,1. DOCENTE,DOCENTE: MAESTRA O MAESTRO DE GRUPO,JORNADA,03 - EDUCACION PRIMARIA,N/A,N/A,NINGUNA,PUEBLA SUR
,FEDERAL,21DPR1954L,GENERAL LAZARO CARDENAS,,FRANCISCO IBARRA RAMOS,1. DOCENTE,DOCENTE: MAESTRA O MAESTRO DE GRUPO,JORNADA,03 - EDUCACION PRIMARIA,N/A,N/A,NINGUNA,ACATL�N
,FEDERAL,21DPR0443D,HEROES DEL SESENTA Y DOS,,SAN FRANCISCO DE AS�S,1. DOCENTE,DOCENTE: MAESTRA O MAESTRO DE GRUPO,JORNADA,03 - EDUCACION PRIMARIA,N/A,N/A,NINGUNA,ACATL�N
,FEDERAL,21DPR1602I,EMILIO CARRANZA,,SAN VICENTE EL PE�ON,1. DOCENTE,DOCENTE: MAESTRA O MAESTRO DE GRUPO,JORNADA,03 - EDUCACION PRIMARIA,N/A,N/A,NINGUNA,ACATL�N
,FEDERAL,21DPR0991I,BENITO JUAREZ,,TEHUITZINGO,1. DOCENTE,DOCENTE: MAESTRA O MAESTRO DE GRUPO,JORNADA,03 - EDUCACION PRIMARIA,N/A,N/A,NINGUNA,ACATL�N
,FEDERAL,21DPR0990J,NI�OS HEROES,,TEHUITZINGO,1. DOCENTE,DOCENTE: MAESTRA O MAESTRO DE GRUPO,JORNADA,03 - EDUCACION PRIMARIA,N/A,N/A,NINGUNA,ACATL�N
,FEDERAL,21DPR0990J,NI�OS HEROES,,TEHUITZINGO,1. DOCENTE,DOCENTE: MAESTRA O MAESTRO DE GRUPO,JORNADA,03 - EDUCACION PRIMARIA,N/A,N/A,NINGUNA,ACATL�N
,FEDERAL,21DPR0188C,IGNACIO ZARAGOZA,,TEXCALAPA DE JUAREZ,1. DOCENTE,DOCENTE: MAESTRA O MAESTRO DE GRUPO,JORNADA,03 - EDUCACION PRIMARIA,N/A,N/A,NINGUNA,ACATL�N
,FEDERAL,21DPR0180K,JUSTO SIERRA,,PETLALCINGO,1. DOCENTE,DOCENTE: MAESTRA O MAESTRO DE GRUPO,JORNADA,03 - EDUCACION PRIMARIA,N/A,N/A,NINGUNA,ACATL�N
,FEDERAL,21DPR1555O,IGNACIO ALLENDE,,SAN JER�NIMO ALMOLOYA,1. DOCENTE,DOCENTE: MAESTRA O MAESTRO DE GRUPO,JORNADA,03 - EDUCACION PRIMARIA,N/A,N/A,NINGUNA,TEPEACA
,FEDERAL,21DPR1541L,JOSE MARIA MORELOS,,SAN ISIDRO HUILOTEPEC,1. DOCENTE,DOCENTE: MAESTRA O MAESTRO DE GRUPO,JORNADA,03 - EDUCACION PRIMARIA,N/A,N/A,NINGUNA,ATLIXCO
,FEDERAL,21DPR1539X,RICARDO FLORES MAGON,,SANTA LUCIA COSAMALOAPAN,1. DOCENTE,DOCENTE: MAESTRA O MAESTRO DE GRUPO,JORNADA,03 - EDUCACION PRIMARIA,N/A,N/A,NINGUNA,ATLIXCO
,FEDERAL,21DPR1539X,RICARDO FLORES MAGON,,SANTA LUCIA COSAMALOAPAN,1. DOCENTE,DOCENTE: MAESTRA O MAESTRO DE GRUPO,JORNADA,03 - EDUCACION PRIMARIA,N/A,N/A,NINGUNA,ATLIXCO
,FEDERAL,21DPR1533C,VALERIO TRUJANO,,SAN FELIX ALMAZAN,1. DOCENTE,DOCENTE: MAESTRA O MAESTRO DE GRUPO,JORNADA,03 - EDUCACION PRIMARIA,N/A,N/A,NINGUNA,ATLIXCO
,FEDERAL,21DPR1044N,AQUILES SERDAN,,GUADALUPE,1. DOCENTE,DOCENTE: MAESTRA O MAESTRO DE GRUPO,JORNADA,03 - EDUCACION PRIMARIA,N/A,N/A,NINGUNA,ATLIXCO
,FEDERAL,21DPR2227B,AQUILES SERDAN,,JUAN UVERA,1. DOCENTE,DOCENTE: MAESTRA O MAESTRO DE GRUPO,JORNADA,03 - EDUCACION PRIMARIA,N/A,N/A,NINGUNA,ATLIXCO
,FEDERAL,21DPR0775T,NARCISO MENDOZA,,XOCHITL�N,1. DOCENTE,DOCENTE: MAESTRA O MAESTRO DE GRUPO,JORNADA,03 - EDUCACION PRIMARIA,N/A,N/A,NINGUNA,TEPEACA
,FEDERAL,21DPR3563K,ANDRES QUINTANA ROO,,SANTA �RSULA CHICONQUIAC,1. DOCENTE,DOCENTE: MAESTRA O MAESTRO DE GRUPO,JORNADA,03 - EDUCACION PRIMARIA,N/A,N/A,NINGUNA,TEPEACA
,FEDERAL,21DPR2313Y,5 DE MAYO,,SAN SEBASTI�N VILLANUEVA,1. DOCENTE,DOCENTE: MAESTRA O MAESTRO DE GRUPO,JORNADA,03 - EDUCACION PRIMARIA,N/A,N/A,NINGUNA,TEPEACA
,FEDERAL,21DPR3408S,CUAUHTEMOC,,CUESTA BLANCA,1. DOCENTE,DOCENTE: MAESTRA O MAESTRO DE GRUPO,JORNADA,03 - EDUCACION PRIMARIA,N/A,N/A,NINGUNA,CIUDAD SERD�N
,FEDERAL,21DPR2818O,IGNACIO ZARAGOZA,,SAN MIGUEL XALTEPEC,1. DOCENTE,DOCENTE: MAESTRA O MAESTRO DE GRUPO,JORNADA,03 - EDUCACION PRIMARIA,N/A,N/A,NINGUNA,CIUDAD SERD�N
,FEDERAL,21DPR2514V,LICENCIADO JOSE VASCONCELOS,,TOLTECAMILA,1. DOCENTE,DOCENTE: MAESTRA O MAESTRO DE GRUPO,JORNADA,03 - EDUCACION PRIMARIA,N/A,N/A,NINGUNA,IZ�CAR DE MATAMOROS
,FEDERAL,21DPR1094V,CARMEN SERDAN,,FRANCISCO I. MADERO,1. DOCENTE,DOCENTE: MAESTRA O MAESTRO DE GRUPO,JORNADA,03 - EDUCACION PRIMARIA,N/A,N/A,NINGUNA,LIBRES
,FEDERAL,21DPR1003N,MELCHOR OCAMPO,,EL PALMAR,1. DOCENTE,DOCENTE: MAESTRA O MAESTRO DE GRUPO,JORNADA,03 - EDUCACION PRIMARIA,N/A,N/A,NINGUNA,LIBRES
,FEDERAL,21DPR1003N,MELCHOR OCAMPO,,EL PALMAR,1. DOCENTE,DOCENTE: MAESTRA O MAESTRO DE GRUPO,JORNADA,03 - EDUCACION PRIMARIA,N/A,N/A,NINGUNA,LIBRES
,FEDERAL,21DPR0775T,NARCISO MENDOZA,,XOCHITL�N,1. DOCENTE,DOCENTE: MAESTRA O MAESTRO DE GRUPO,JORNADA,03 - EDUCACION PRIMARIA,N/A,N/A,NINGUNA,TEPEACA
,FEDERAL,21DPR0657E,IGNACIO ZARAGOZA,,TLALTEPANGO,1. DOCENTE,DOCENTE: MAESTRA O MAESTRO DE GRUPO,JORNADA,03 - EDUCACION PRIMARIA,N/A,N/A,NINGUNA,HUAUCHINANGO
,FEDERAL,21DPR1939T,VICENTE GUERRERO,,LA PUR�SIMA,1. DOCENTE,DOCENTE: MAESTRA O MAESTRO DE GRUPO,JORNADA,03 - EDUCACION PRIMARIA,N/A,N/A,NINGUNA,CIUDAD SERD�N
,FEDERAL,21DPR0913E,BENITO JUAREZ,,SANTIAGO TETLA,1. DOCENTE,DOCENTE: MAESTRA O MAESTRO DE GRUPO,JORNADA,03 - EDUCACION PRIMARIA,N/A,N/A,NINGUNA,ATLIXCO
,FEDERAL,21DPR1557M,CARMEN SERDAN,,SAN JOSE XACXAMAYO,1. DOCENTE,DOCENTE: MAESTRA O MAESTRO DE GRUPO,JORNADA,03 - EDUCACION PRIMARIA,N/A,N/A,NINGUNA,PUEBLA SUR
,FEDERAL,21DPR2303R,JUSTO SIERRA,,HUITZMALOC,1. DOCENTE,DOCENTE: MAESTRA O MAESTRO DE GRUPO,JORNADA,03 - EDUCACION PRIMARIA,N/A,N/A,NINGUNA,TEHUAC�N
,FEDERAL,21DPR1807B,HERMANOS FLORES MAGON,,LOMA BONITA,1. DOCENTE,DOCENTE: MAESTRA O MAESTRO DE GRUPO,JORNADA,03 - EDUCACION PRIMARIA,N/A,N/A,NINGUNA,TEHUAC�N
,FEDERAL,21DPR1807B,HERMANOS FLORES MAGON,,LOMA BONITA,1. DOCENTE,DOCENTE: MAESTRA O MAESTRO DE GRUPO,JORNADA,03 - EDUCACION PRIMARIA,N/A,N/A,NINGUNA,TEHUAC�N
,FEDERAL,21DPR1807B,HERMANOS FLORES MAGON,,LOMA BONITA,1. DOCENTE,DOCENTE: MAESTRA O MAESTRO DE GRUPO,JORNADA,03 - EDUCACION PRIMARIA,N/A,N/A,NINGUNA,TEHUAC�N
,FEDERAL,21DPR1807B,HERMANOS FLORES MAGON,,LOMA BONITA,1. DOCENTE,DOCENTE: MAESTRA O MAESTRO DE GRUPO,JORNADA,03 - EDUCACION PRIMARIA,N/A,N/A,NINGUNA,TEHUAC�N
,FEDERAL,21DPR1807B,HERMANOS FLORES MAGON,,LOMA BONITA,1. DOCENTE,DOCENTE: MAESTRA O MAESTRO DE GRUPO,JORNADA,03 - EDUCACION PRIMARIA,N/A,N/A,NINGUNA,TEHUAC�N
,FEDERAL,21DPR1807B,HERMANOS FLORES MAGON,,LOMA BONITA,1. DOCENTE,DOCENTE: MAESTRA O MAESTRO DE GRUPO,JORNADA,03 - EDUCACION PRIMARIA,N/A,N/A,NINGUNA,TEHUAC�N
,FEDERAL,21DPR1794O,FRANCISCO I. MADERO,,TENTZIANTLA,1. DOCENTE,DOCENTE: MAESTRA O MAESTRO DE GRUPO,JORNADA,03 - EDUCACION PRIMARIA,N/A,N/A,NINGUNA,TEHUAC�N
,FEDERAL,21DPR1794O,FRANCISCO I. MADERO,,TENTZIANTLA,1. DOCENTE,DOCENTE: MAESTRA O MAESTRO DE GRUPO,JORNADA,03 - EDUCACION PRIMARIA,N/A,N/A,NINGUNA,TEHUAC�N
,FEDERAL,21DPR1794O,FRANCISCO I. MADERO,,TENTZIANTLA,1. DOCENTE,DOCENTE: MAESTRA O MAESTRO DE GRUPO,JORNADA,03 - EDUCACION PRIMARIA,N/A,N/A,NINGUNA,TEHUAC�N
,FEDERAL,21DPR1794O,FRANCISCO I. MADERO,,TENTZIANTLA,1. DOCENTE,DOCENTE: MAESTRA O MAESTRO DE GRUPO,JORNADA,03 - EDUCACION PRIMARIA,N/A,N/A,NINGUNA,TEHUAC�N
,FEDERAL,21DPR1794O,FRANCISCO I. MADERO,,TENTZIANTLA,1. DOCENTE,DOCENTE: MAESTRA O MAESTRO DE GRUPO,JORNADA,03 - EDUCACION PRIMARIA,N/A,N/A,NINGUNA,TEHUAC�N
,FEDERAL,21DPR1106J,BENITO JUAREZ,,XONOTIPAN DE JUAREZ,1. DOCENTE,DOCENTE: MAESTRA O MAESTRO DE GRUPO,JORNADA,03 - EDUCACION PRIMARIA,N/A,N/A,NINGUNA,TEHUAC�N
,FEDERAL,21DPR1106J,BENITO JUAREZ,,XONOTIPAN DE JUAREZ,1. DOCENTE,DOCENTE: MAESTRA O MAESTRO DE GRUPO,JORNADA,03 - EDUCACION PRIMARIA,N/A,N/A,NINGUNA,TEHUAC�N
,FEDERAL,21DPR0895F,IGNACIO ALLENDE,,COYOLAPA,1. DOCENTE,DOCENTE: MAESTRA O MAESTRO DE GRUPO,JORNADA,03 - EDUCACION PRIMARIA,N/A,N/A,NINGUNA,TEHUAC�N
,FEDERAL,21DPR0895F,IGNACIO ALLENDE,,COYOLAPA,1. DOCENTE,DOCENTE: MAESTRA O MAESTRO DE GRUPO,JORNADA,03 - EDUCACION PRIMARIA,N/A,N/A,NINGUNA,TEHUAC�N
,FEDERAL,21DPR3707Q,RICARDO REYES MARQUEZ,,QUECHOLAC,1. DOCENTE,DOCENTE: MAESTRA O MAESTRO DE GRUPO,JORNADA,03 - EDUCACION PRIMARIA,N/A,N/A,NINGUNA,TEPEACA
,FEDERAL,21DPR3637L,SATURNINA MARTINEZ RAMIREZ,,SAN SEBASTIAN VILLANUEVA,1. DOCENTE,DOCENTE: MAESTRA O MAESTRO DE GRUPO,JORNADA,03 - EDUCACION PRIMARIA,N/A,N/A,NINGUNA,TEPEACA
,FEDERAL,21DPR2136K,JOSE MARIA MORELOS,,SANTIAGO TENANGO,1. DOCENTE,DOCENTE: MAESTRA O MAESTRO DE GRUPO,JORNADA,03 - EDUCACION PRIMARIA,N/A,N/A,NINGUNA,TEPEACA
,FEDERAL,21DPR3545V,JOSE VASCONCELOS,,SAN SALVADOR HUIXCOLOTLA,1. DOCENTE,DOCENTE: MAESTRA O MAESTRO DE GRUPO,JORNADA,03 - EDUCACION PRIMARIA,N/A,N/A,NINGUNA,TEPEACA
,FEDERAL,21DPR3473S,GREGORIO TORRES QUINTERO,,LOS REYES DE JUAREZ,1. DOCENTE,DOCENTE: MAESTRA O MAESTRO DE GRUPO,JORNADA,03 - EDUCACION PRIMARIA,N/A,N/A,NINGUNA,TEPEACA
,FEDERAL,21DPR0707W,FRANCISCO I. MADERO,,SAN BARTOLOME TEPETLACALTECHCO,1. DOCENTE,DOCENTE: MAESTRA O MAESTRO DE GRUPO,JORNADA,03 - EDUCACION PRIMARIA,N/A,N/A,NINGUNA,TEPEACA
,FEDERAL,21DPR3401Z,MIGUEL HIDALGO,,SAN MIGUEL ZOZUTLA,1. DOCENTE,DOCENTE: MAESTRA O MAESTRO DE GRUPO,JORNADA,03 - EDUCACION PRIMARIA,N/A,N/A,NINGUNA,TEPEACA
